date,year,open_water_km2,open_water_lo95,open_water_hi95,flooded_veg_km2,flooded_veg_lo95,flooded_veg_hi95,total_inundation_km2,total_lo95,total_hi95,n_obs,sensors,dominant_source,era,quality,note
1984-01-01,1984,636.9,0.0,1959.3,70.0,0.0,263.3,706.9,0.0,2043.3,0,Landsat 5,carried by the model,1984-1999,low,no clear observation in this window; vegetated water modelled from the radar ratio
1984-01-17,1984,643.3,0.0,1958.6,70.7,0.0,264.3,714.0,0.0,2043.5,0,Landsat 5,carried by the model,1984-1999,low,no clear observation in this window; vegetated water modelled from the radar ratio
1984-02-02,1984,653.5,0.0,1956.3,71.8,0.0,265.8,725.3,0.0,2042.5,0,Landsat 5,carried by the model,1984-1999,low,no clear observation in this window; vegetated water modelled from the radar ratio
1984-02-18,1984,667.5,0.0,1948.4,73.3,0.0,267.5,740.8,0.0,2036.3,0,Landsat 5,carried by the model,1984-1999,low,no clear observation in this window; vegetated water modelled from the radar ratio
1984-03-05,1984,684.9,0.0,1932.0,75.2,0.0,269.2,760.1,0.0,2022.2,0,Landsat 5,carried by the model,1984-1999,low,no clear observation in this window; vegetated water modelled from the radar ratio
1984-03-21,1984,705.3,0.0,1905.4,77.5,0.0,270.8,782.7,0.0,1998.4,0,Landsat 5,carried by the model,1984-1999,low,no clear observation in this window; vegetated water modelled from the radar ratio
1984-04-06,1984,727.8,0.0,1868.3,80.0,0.0,272.2,807.7,0.0,1964.4,0,Landsat 5,carried by the model,1984-1999,low,no clear observation in this window; vegetated water modelled from the radar ratio
1984-04-22,1984,751.6,0.0,1821.2,82.6,0.0,273.6,834.1,0.0,1920.7,0,Landsat 5,carried by the model,1984-1999,low,no clear observation in this window; vegetated water modelled from the radar ratio
1984-05-08,1984,775.6,0.0,1765.0,85.2,0.0,274.9,860.8,0.0,1868.2,0,Landsat 5,carried by the model,1984-1999,low,no clear observation in this window; vegetated water modelled from the radar ratio
1984-05-24,1984,798.8,0.0,1700.9,87.8,0.0,276.0,886.6,0.0,1808.1,0,Landsat 5,carried by the model,1984-1999,low,no clear observation in this window; vegetated water modelled from the radar ratio
1984-06-09,1984,820.4,10.8,1630.0,90.1,0.0,277.0,910.5,79.6,1741.4,0,Landsat 5,carried by the model,1984-1999,low,no clear observation in this window; vegetated water modelled from the radar ratio
1984-06-25,1984,839.3,126.3,1552.4,92.2,0.0,277.7,931.5,194.8,1668.3,0,Landsat 5,carried by the model,1984-1999,low,no clear observation in this window; vegetated water modelled from the radar ratio
1984-07-11,1984,855.2,242.5,1467.8,93.9,0.0,278.1,949.1,309.4,1588.8,0,Landsat 5,carried by the model,1984-1999,low,no clear observation in this window; vegetated water modelled from the radar ratio
1984-07-27,1984,867.5,359.5,1375.5,95.3,0.0,277.9,962.8,423.0,1502.6,0,Landsat 5,carried by the model,1984-1999,low,no clear observation in this window; vegetated water modelled from the radar ratio
1984-08-12,1984,876.2,478.2,1274.3,96.3,0.0,277.2,972.5,535.3,1409.7,0,Landsat 5,carried by the model,1984-1999,low,no clear observation in this window; vegetated water modelled from the radar ratio
1984-08-28,1984,881.6,599.3,1163.9,96.9,0.0,276.2,978.5,644.0,1312.9,0,Landsat 5,carried by the model,1984-1999,medium,no clear observation in this window; vegetated water modelled from the radar ratio
1984-09-13,1984,884.1,722.6,1045.6,97.1,0.0,275.2,981.2,740.8,1221.6,0,Landsat 5,carried by the model,1984-1999,medium,no clear observation in this window; vegetated water modelled from the radar ratio
1984-09-29,1984,884.3,831.8,936.8,97.1,0.0,274.4,981.5,796.5,1166.4,3,Landsat 5,observed,1984-1999,high,vegetated water modelled from the radar ratio
1984-10-15,1984,884.0,720.7,1047.3,97.1,0.0,275.2,981.1,739.6,1222.7,0,Landsat 5,carried by the model,1984-1999,medium,no clear observation in this window; vegetated water modelled from the radar ratio
1984-10-31,1984,883.4,590.0,1176.8,97.0,0.0,277.0,980.4,636.2,1324.6,0,Landsat 5,carried by the model,1984-1999,medium,no clear observation in this window; vegetated water modelled from the radar ratio
1984-11-16,1984,883.4,460.2,1306.5,97.0,0.0,280.1,980.4,519.4,1441.4,0,Landsat 5,carried by the model,1984-1999,low,no clear observation in this window; vegetated water modelled from the radar ratio
1984-12-02,1984,885.0,337.6,1432.4,97.2,0.0,284.5,982.2,403.6,1560.7,0,Landsat 5,carried by the model,1984-1999,low,no clear observation in this window; vegetated water modelled from the radar ratio
1984-12-18,1984,889.0,227.0,1551.1,97.7,0.0,290.1,986.7,297.2,1676.1,0,Landsat 5,carried by the model,1984-1999,low,no clear observation in this window; vegetated water modelled from the radar ratio
1985-01-03,1985,896.5,137.0,1656.0,98.5,0.0,296.6,995.0,210.1,1779.9,0,Landsat 5,carried by the model,1984-1999,low,no clear observation in this window; vegetated water modelled from the radar ratio
1985-01-19,1985,907.2,61.8,1752.7,99.7,0.0,303.8,1006.9,137.2,1876.6,0,Landsat 5,carried by the model,1984-1999,low,no clear observation in this window; vegetated water modelled from the radar ratio
1985-02-04,1985,921.8,8.4,1835.2,101.3,0.0,311.5,1023.1,85.8,1960.4,0,Landsat 5,carried by the model,1984-1999,low,no clear observation in this window; vegetated water modelled from the radar ratio
1985-02-20,1985,940.3,0.0,1903.0,103.3,0.0,319.4,1043.6,56.9,2030.2,0,Landsat 5,carried by the model,1984-1999,low,no clear observation in this window; vegetated water modelled from the radar ratio
1985-03-08,1985,962.2,0.0,1956.2,105.7,0.0,327.3,1067.9,49.6,2086.3,0,Landsat 5,carried by the model,1984-1999,low,no clear observation in this window; vegetated water modelled from the radar ratio
1985-03-24,1985,987.1,0.0,1996.3,108.4,0.0,335.2,1095.6,61.3,2129.9,0,Landsat 5,carried by the model,1984-1999,low,no clear observation in this window; vegetated water modelled from the radar ratio
1985-04-09,1985,1014.2,3.1,2025.4,111.4,0.0,343.0,1125.6,88.3,2163.0,0,Landsat 5,carried by the model,1984-1999,low,no clear observation in this window; vegetated water modelled from the radar ratio
1985-04-25,1985,1042.6,39.0,2046.1,114.5,0.0,350.8,1157.1,126.1,2188.1,0,Landsat 5,carried by the model,1984-1999,low,no clear observation in this window; vegetated water modelled from the radar ratio
1985-05-11,1985,1071.1,81.1,2061.1,117.7,0.0,358.3,1188.8,170.0,2207.6,0,Landsat 5,carried by the model,1984-1999,low,no clear observation in this window; vegetated water modelled from the radar ratio
1985-05-27,1985,1098.8,125.6,2072.0,120.7,0.0,365.5,1219.5,216.0,2223.0,0,Landsat 5,carried by the model,1984-1999,low,no clear observation in this window; vegetated water modelled from the radar ratio
1985-06-12,1985,1124.6,169.6,2079.7,123.6,0.0,372.1,1248.2,261.3,2235.1,0,Landsat 5,carried by the model,1984-1999,low,no clear observation in this window; vegetated water modelled from the radar ratio
1985-06-28,1985,1147.8,211.9,2083.7,126.1,0.0,378.0,1273.9,304.7,2243.2,0,Landsat 5,carried by the model,1984-1999,low,no clear observation in this window; vegetated water modelled from the radar ratio
1985-07-14,1985,1167.7,252.6,2082.8,128.3,0.0,382.9,1296.0,346.1,2245.8,0,Landsat 5,carried by the model,1984-1999,low,no clear observation in this window; vegetated water modelled from the radar ratio
1985-07-30,1985,1183.8,292.3,2075.2,130.0,0.0,386.7,1313.8,386.2,2241.5,0,Landsat 5,carried by the model,1984-1999,low,no clear observation in this window; vegetated water modelled from the radar ratio
1985-08-15,1985,1196.0,331.8,2060.1,131.4,0.0,389.2,1327.3,425.6,2229.1,0,Landsat 5,carried by the model,1984-1999,low,no clear observation in this window; vegetated water modelled from the radar ratio
1985-08-31,1985,1204.4,371.1,2037.6,132.3,0.0,390.4,1336.7,464.3,2209.0,0,Landsat 5,carried by the model,1984-1999,low,no clear observation in this window; vegetated water modelled from the radar ratio
1985-09-16,1985,1209.4,408.7,2010.2,132.9,0.0,390.7,1342.3,501.1,2183.5,0,Landsat 5,carried by the model,1984-1999,low,no clear observation in this window; vegetated water modelled from the radar ratio
1985-10-02,1985,1211.8,441.8,1981.8,133.1,0.0,390.3,1344.9,533.2,2156.7,0,Landsat 5,carried by the model,1984-1999,low,no clear observation in this window; vegetated water modelled from the radar ratio
1985-10-18,1985,1212.3,466.5,1958.1,133.2,0.0,389.6,1345.5,556.9,2134.2,0,Landsat 5,carried by the model,1984-1999,low,no clear observation in this window; vegetated water modelled from the radar ratio
1985-11-03,1985,1212.0,478.9,1945.0,133.1,0.0,389.0,1345.1,568.7,2121.5,0,Landsat 5,carried by the model,1984-1999,low,no clear observation in this window; vegetated water modelled from the radar ratio
1985-11-19,1985,1211.8,476.9,1946.7,133.1,0.0,389.0,1344.9,566.7,2123.1,0,Landsat 5,carried by the model,1984-1999,low,no clear observation in this window; vegetated water modelled from the radar ratio
1985-12-05,1985,1212.8,461.2,1964.3,133.2,0.0,389.9,1346.0,551.9,2140.2,0,Landsat 5,carried by the model,1984-1999,low,no clear observation in this window; vegetated water modelled from the radar ratio
1985-12-21,1985,1215.9,436.1,1995.6,133.6,0.0,391.8,1349.4,528.1,2170.8,0,Landsat 5,carried by the model,1984-1999,low,no clear observation in this window; vegetated water modelled from the radar ratio
1986-01-06,1986,1221.7,406.7,2036.7,134.2,0.0,394.9,1355.9,500.2,2211.6,0,Landsat 5,carried by the model,1984-1999,low,no clear observation in this window; vegetated water modelled from the radar ratio
1986-01-22,1986,1231.1,380.9,2081.2,135.2,0.0,399.0,1366.3,476.2,2256.4,0,Landsat 5,carried by the model,1984-1999,low,no clear observation in this window; vegetated water modelled from the radar ratio
1986-02-07,1986,1244.0,362.9,2125.2,136.7,0.0,404.1,1380.7,459.9,2301.5,0,Landsat 5,carried by the model,1984-1999,low,no clear observation in this window; vegetated water modelled from the radar ratio
1986-02-23,1986,1260.6,355.7,2165.6,138.5,0.0,410.0,1399.1,454.3,2343.9,0,Landsat 5,carried by the model,1984-1999,low,no clear observation in this window; vegetated water modelled from the radar ratio
1986-03-11,1986,1280.5,360.1,2201.0,140.7,0.0,416.5,1421.2,460.4,2382.1,0,Landsat 5,carried by the model,1984-1999,low,no clear observation in this window; vegetated water modelled from the radar ratio
1986-03-27,1986,1303.1,375.2,2231.1,143.2,0.0,423.5,1446.3,476.9,2415.7,0,Landsat 5,carried by the model,1984-1999,low,no clear observation in this window; vegetated water modelled from the radar ratio
1986-04-12,1986,1327.7,398.4,2256.9,145.9,0.0,430.8,1473.5,501.5,2445.5,0,Landsat 5,carried by the model,1984-1999,low,no clear observation in this window; vegetated water modelled from the radar ratio
1986-04-28,1986,1353.1,426.8,2279.4,148.6,0.0,438.3,1501.7,531.2,2472.3,0,Landsat 5,carried by the model,1984-1999,low,no clear observation in this window; vegetated water modelled from the radar ratio
1986-05-14,1986,1378.4,457.6,2299.2,151.4,0.0,445.6,1529.8,563.2,2496.4,0,Landsat 5,carried by the model,1984-1999,low,no clear observation in this window; vegetated water modelled from the radar ratio
1986-05-30,1986,1402.5,489.2,2315.8,154.1,0.0,452.5,1556.5,595.7,2517.4,0,Landsat 5,carried by the model,1984-1999,low,no clear observation in this window; vegetated water modelled from the radar ratio
1986-06-15,1986,1424.3,521.2,2327.4,156.5,0.0,458.6,1580.8,628.4,2533.1,0,Landsat 5,carried by the model,1984-1999,low,no clear observation in this window; vegetated water modelled from the radar ratio
1986-07-01,1986,1442.9,555.0,2330.9,158.5,0.0,463.7,1601.5,662.5,2540.4,0,Landsat 5,carried by the model,1984-1999,low,no clear observation in this window; vegetated water modelled from the radar ratio
1986-07-17,1986,1457.7,592.9,2322.6,160.1,0.0,467.3,1617.9,700.1,2535.6,0,Landsat 5,carried by the model,1984-1999,low,no clear observation in this window; vegetated water modelled from the radar ratio
1986-08-02,1986,1468.3,637.9,2298.7,161.3,0.0,469.3,1629.6,743.9,2515.3,0,Landsat 5,carried by the model,1984-1999,low,no clear observation in this window; vegetated water modelled from the radar ratio
1986-08-18,1986,1474.3,692.3,2256.4,162.0,0.0,469.6,1636.3,795.9,2476.7,0,Landsat 5,carried by the model,1984-1999,low,no clear observation in this window; vegetated water modelled from the radar ratio
1986-09-03,1986,1476.1,757.8,2194.4,162.2,0.0,468.3,1638.3,857.4,2419.1,0,Landsat 5,carried by the model,1984-1999,low,no clear observation in this window; vegetated water modelled from the radar ratio
1986-09-19,1986,1474.0,834.7,2113.2,161.9,0.0,465.5,1635.9,928.2,2343.6,0,Landsat 5,carried by the model,1984-1999,low,no clear observation in this window; vegetated water modelled from the radar ratio
1986-10-05,1986,1468.6,921.8,2015.5,161.3,0.0,461.7,1630.0,1006.1,2253.9,0,Landsat 5,carried by the model,1984-1999,low,no clear observation in this window; vegetated water modelled from the radar ratio
1986-10-21,1986,1461.0,1015.5,1906.4,160.5,0.0,457.3,1621.4,1086.2,2156.7,0,Landsat 5,carried by the model,1984-1999,low,no clear observation in this window; vegetated water modelled from the radar ratio
1986-11-06,1986,1452.0,1109.2,1794.7,159.5,0.0,452.9,1611.5,1160.3,2062.7,0,Landsat 5,carried by the model,1984-1999,medium,no clear observation in this window; vegetated water modelled from the radar ratio
1986-11-22,1986,1442.8,1188.7,1696.8,158.5,0.0,448.9,1601.2,1215.4,1987.1,0,Landsat 5,carried by the model,1984-1999,medium,no clear observation in this window; vegetated water modelled from the radar ratio
1986-12-08,1986,1434.4,1225.7,1643.1,157.6,0.0,445.9,1591.9,1236.0,1947.9,2,Landsat 5,observed,1984-1999,medium,vegetated water modelled from the radar ratio
1986-12-24,1986,1426.9,1168.9,1685.0,156.8,0.0,444.1,1583.7,1197.5,1969.9,0,Landsat 5,carried by the model,1984-1999,medium,no clear observation in this window; vegetated water modelled from the radar ratio
1987-01-09,1987,1422.0,1081.7,1762.4,156.2,0.0,443.6,1578.3,1132.8,2023.7,0,Landsat 5,carried by the model,1984-1999,medium,no clear observation in this window; vegetated water modelled from the radar ratio
1987-01-25,1987,1420.6,995.0,1846.2,156.1,0.0,444.5,1576.6,1062.5,2090.8,0,Landsat 5,carried by the model,1984-1999,low,no clear observation in this window; vegetated water modelled from the radar ratio
1987-02-10,1987,1422.7,919.3,1926.1,156.3,0.0,446.7,1579.0,997.9,2160.2,0,Landsat 5,carried by the model,1984-1999,low,no clear observation in this window; vegetated water modelled from the radar ratio
1987-02-26,1987,1428.5,858.6,1998.4,156.9,0.0,450.0,1585.4,944.6,2226.3,0,Landsat 5,carried by the model,1984-1999,low,no clear observation in this window; vegetated water modelled from the radar ratio
1987-03-14,1987,1437.6,812.9,2062.4,157.9,0.0,454.1,1595.6,904.2,2286.9,0,Landsat 5,carried by the model,1984-1999,low,no clear observation in this window; vegetated water modelled from the radar ratio
1987-03-30,1987,1449.5,779.9,2119.1,159.2,0.0,458.9,1608.7,875.1,2342.3,0,Landsat 5,carried by the model,1984-1999,low,no clear observation in this window; vegetated water modelled from the radar ratio
1987-04-15,1987,1463.3,756.2,2170.4,160.8,0.0,464.1,1624.0,854.6,2393.5,0,Landsat 5,carried by the model,1984-1999,low,no clear observation in this window; vegetated water modelled from the radar ratio
1987-05-01,1987,1478.0,737.9,2218.0,162.4,0.0,469.5,1640.3,839.1,2441.6,0,Landsat 5,carried by the model,1984-1999,low,no clear observation in this window; vegetated water modelled from the radar ratio
1987-05-17,1987,1492.4,722.1,2262.8,164.0,0.0,474.8,1656.4,825.7,2487.1,0,Landsat 5,carried by the model,1984-1999,low,no clear observation in this window; vegetated water modelled from the radar ratio
1987-06-02,1987,1505.5,707.0,2304.0,165.4,0.0,479.6,1670.9,812.8,2529.0,0,Landsat 5,carried by the model,1984-1999,low,no clear observation in this window; vegetated water modelled from the radar ratio
1987-06-18,1987,1516.1,692.6,2339.7,166.6,0.0,483.6,1682.7,800.2,2565.1,0,Landsat 5,carried by the model,1984-1999,low,no clear observation in this window; vegetated water modelled from the radar ratio
1987-07-04,1987,1523.3,679.9,2366.7,167.3,0.0,486.3,1690.7,788.9,2592.4,0,Landsat 5,carried by the model,1984-1999,low,no clear observation in this window; vegetated water modelled from the radar ratio
1987-07-20,1987,1526.4,670.8,2382.0,167.7,0.0,487.7,1694.1,780.6,2607.6,0,Landsat 5,carried by the model,1984-1999,low,no clear observation in this window; vegetated water modelled from the radar ratio
1987-08-05,1987,1524.9,666.6,2383.2,167.5,0.0,487.3,1692.4,776.5,2608.4,0,Landsat 5,carried by the model,1984-1999,low,no clear observation in this window; vegetated water modelled from the radar ratio
1987-08-21,1987,1518.7,667.9,2369.5,166.8,0.0,485.2,1685.6,777.2,2594.0,0,Landsat 5,carried by the model,1984-1999,low,no clear observation in this window; vegetated water modelled from the radar ratio
1987-09-06,1987,1508.1,673.9,2342.3,165.7,0.0,481.5,1673.8,781.8,2565.7,0,Landsat 5,carried by the model,1984-1999,low,no clear observation in this window; vegetated water modelled from the radar ratio
1987-09-22,1987,1493.5,681.8,2305.2,164.1,0.0,476.3,1657.6,787.9,2527.2,0,Landsat 5,carried by the model,1984-1999,low,no clear observation in this window; vegetated water modelled from the radar ratio
1987-10-08,1987,1475.8,687.7,2263.9,162.1,0.0,470.3,1637.9,791.7,2484.1,0,Landsat 5,carried by the model,1984-1999,low,no clear observation in this window; vegetated water modelled from the radar ratio
1987-10-24,1987,1455.9,686.5,2225.4,159.9,0.0,463.7,1615.9,788.7,2443.1,0,Landsat 5,carried by the model,1984-1999,low,no clear observation in this window; vegetated water modelled from the radar ratio
1987-11-09,1987,1435.1,674.0,2196.3,157.7,0.0,457.2,1592.8,774.9,2410.7,0,Landsat 5,carried by the model,1984-1999,low,no clear observation in this window; vegetated water modelled from the radar ratio
1987-11-25,1987,1414.7,648.4,2180.9,155.4,0.0,451.1,1570.1,748.7,2391.4,0,Landsat 5,carried by the model,1984-1999,low,no clear observation in this window; vegetated water modelled from the radar ratio
1987-12-11,1987,1395.7,611.5,2179.8,153.3,0.0,446.0,1549.0,712.0,2386.0,0,Landsat 5,carried by the model,1984-1999,low,no clear observation in this window; vegetated water modelled from the radar ratio
1987-12-27,1987,1379.3,568.5,2190.0,151.5,0.0,441.9,1530.8,669.6,2392.0,0,Landsat 5,carried by the model,1984-1999,low,no clear observation in this window; vegetated water modelled from the radar ratio
1988-01-12,1988,1366.2,525.8,2206.7,150.1,0.0,439.0,1516.3,627.6,2405.0,0,Landsat 5,carried by the model,1984-1999,low,no clear observation in this window; vegetated water modelled from the radar ratio
1988-01-28,1988,1357.4,491.0,2223.8,149.1,0.0,437.3,1506.6,593.5,2419.6,0,Landsat 5,carried by the model,1984-1999,low,no clear observation in this window; vegetated water modelled from the radar ratio
1988-02-13,1988,1353.0,468.7,2237.3,148.6,0.0,436.6,1501.6,571.7,2431.6,0,Landsat 5,carried by the model,1984-1999,low,no clear observation in this window; vegetated water modelled from the radar ratio
1988-02-29,1988,1352.9,461.7,2244.1,148.6,0.0,436.9,1501.5,564.8,2438.2,0,Landsat 5,carried by the model,1984-1999,low,no clear observation in this window; vegetated water modelled from the radar ratio
1988-03-16,1988,1356.7,469.9,2243.5,149.0,0.0,437.8,1505.8,573.1,2438.4,0,Landsat 5,carried by the model,1984-1999,low,no clear observation in this window; vegetated water modelled from the radar ratio
1988-04-01,1988,1363.8,491.2,2236.3,149.8,0.0,439.4,1513.6,594.2,2433.0,0,Landsat 5,carried by the model,1984-1999,low,no clear observation in this window; vegetated water modelled from the radar ratio
1988-04-17,1988,1373.1,521.5,2224.8,150.8,0.0,441.5,1524.0,624.1,2423.8,0,Landsat 5,carried by the model,1984-1999,low,no clear observation in this window; vegetated water modelled from the radar ratio
1988-05-03,1988,1383.6,555.6,2211.6,152.0,0.0,443.8,1535.6,657.7,2413.6,0,Landsat 5,carried by the model,1984-1999,low,no clear observation in this window; vegetated water modelled from the radar ratio
1988-05-19,1988,1394.1,588.5,2199.6,153.1,0.0,446.2,1547.2,690.0,2404.4,0,Landsat 5,carried by the model,1984-1999,low,no clear observation in this window; vegetated water modelled from the radar ratio
1988-06-04,1988,1403.2,616.1,2190.2,154.1,0.0,448.3,1557.3,717.1,2397.5,0,Landsat 5,carried by the model,1984-1999,low,no clear observation in this window; vegetated water modelled from the radar ratio
1988-06-20,1988,1409.8,636.7,2183.0,154.9,0.0,449.9,1564.7,737.2,2392.2,0,Landsat 5,carried by the model,1984-1999,low,no clear observation in this window; vegetated water modelled from the radar ratio
1988-07-06,1988,1413.0,650.2,2175.8,155.2,0.0,450.5,1568.3,750.3,2386.2,0,Landsat 5,carried by the model,1984-1999,low,no clear observation in this window; vegetated water modelled from the radar ratio
1988-07-22,1988,1412.1,658.7,2165.5,155.1,0.0,450.0,1567.2,758.2,2376.3,0,Landsat 5,carried by the model,1984-1999,low,no clear observation in this window; vegetated water modelled from the radar ratio
1988-08-07,1988,1406.6,664.2,2149.0,154.5,0.0,448.0,1561.1,762.8,2359.4,0,Landsat 5,carried by the model,1984-1999,low,no clear observation in this window; vegetated water modelled from the radar ratio
1988-08-23,1988,1396.5,668.3,2124.7,153.4,0.0,444.5,1549.9,765.7,2334.1,0,Landsat 5,carried by the model,1984-1999,low,no clear observation in this window; vegetated water modelled from the radar ratio
1988-09-08,1988,1382.1,671.1,2093.1,151.8,0.0,439.6,1533.9,766.9,2300.9,0,Landsat 5,carried by the model,1984-1999,low,no clear observation in this window; vegetated water modelled from the radar ratio
1988-09-24,1988,1364.0,671.1,2056.9,149.8,0.0,433.6,1513.8,765.1,2262.6,0,Landsat 5,carried by the model,1984-1999,low,no clear observation in this window; vegetated water modelled from the radar ratio
1988-10-10,1988,1343.1,665.4,2020.9,147.6,0.0,426.8,1490.7,757.6,2223.7,0,Landsat 5,carried by the model,1984-1999,low,no clear observation in this window; vegetated water modelled from the radar ratio
1988-10-26,1988,1320.6,650.9,1990.4,145.1,0.0,419.8,1465.7,741.9,2189.6,0,Landsat 5,carried by the model,1984-1999,low,no clear observation in this window; vegetated water modelled from the radar ratio
1988-11-11,1988,1297.8,626.3,1969.3,142.6,0.0,412.9,1440.4,716.5,2164.3,0,Landsat 5,carried by the model,1984-1999,low,no clear observation in this window; vegetated water modelled from the radar ratio
1988-11-27,1988,1276.0,592.9,1959.0,140.2,0.0,406.7,1416.2,683.0,2149.4,0,Landsat 5,carried by the model,1984-1999,low,no clear observation in this window; vegetated water modelled from the radar ratio
1988-12-13,1988,1256.4,555.6,1957.2,138.0,0.0,401.3,1394.5,645.8,2143.1,0,Landsat 5,carried by the model,1984-1999,low,no clear observation in this window; vegetated water modelled from the radar ratio
1988-12-29,1988,1240.3,521.3,1959.3,136.3,0.0,397.0,1376.5,611.7,2141.3,0,Landsat 5,carried by the model,1984-1999,low,no clear observation in this window; vegetated water modelled from the radar ratio
1989-01-14,1989,1228.6,498.6,1958.6,135.0,0.0,393.9,1363.6,589.0,2138.1,0,Landsat 5,carried by the model,1984-1999,low,no clear observation in this window; vegetated water modelled from the radar ratio
1989-01-30,1989,1221.4,491.0,1951.8,134.2,0.0,391.7,1355.6,581.1,2130.0,0,Landsat 5,carried by the model,1984-1999,low,no clear observation in this window; vegetated water modelled from the radar ratio
1989-02-15,1989,1219.3,505.1,1933.4,133.9,0.0,390.6,1353.2,594.4,2112.1,0,Landsat 5,carried by the model,1984-1999,low,no clear observation in this window; vegetated water modelled from the radar ratio
1989-03-03,1989,1222.2,543.6,1900.8,134.3,0.0,390.3,1356.4,631.1,2081.7,0,Landsat 5,carried by the model,1984-1999,low,no clear observation in this window; vegetated water modelled from the radar ratio
1989-03-19,1989,1229.6,606.5,1852.8,135.1,0.0,390.8,1364.7,691.1,2038.3,0,Landsat 5,carried by the model,1984-1999,low,no clear observation in this window; vegetated water modelled from the radar ratio
1989-04-04,1989,1240.8,691.8,1789.8,136.3,0.0,392.2,1377.1,771.4,1982.8,0,Landsat 5,carried by the model,1984-1999,low,no clear observation in this window; vegetated water modelled from the radar ratio
1989-04-20,1989,1254.7,795.4,1714.0,137.8,0.0,394.3,1392.5,866.5,1918.6,0,Landsat 5,carried by the model,1984-1999,low,no clear observation in this window; vegetated water modelled from the radar ratio
1989-05-06,1989,1270.1,911.8,1628.4,139.5,0.0,397.1,1409.6,968.3,1850.8,0,Landsat 5,carried by the model,1984-1999,medium,no clear observation in this window; vegetated water modelled from the radar ratio
1989-05-22,1989,1285.5,1033.9,1537.2,141.2,0.0,400.3,1426.8,1065.6,1788.0,0,Landsat 5,carried by the model,1984-1999,medium,no clear observation in this window; vegetated water modelled from the radar ratio
1989-06-07,1989,1299.8,1153.2,1446.4,142.8,0.0,403.8,1442.6,1143.3,1741.9,0,Landsat 5,carried by the model,1984-1999,high,no clear observation in this window; vegetated water modelled from the radar ratio
1989-06-23,1989,1311.7,1250.3,1373.1,144.1,0.0,407.0,1455.8,1185.8,1725.8,2,Landsat 5,observed,1984-1999,high,vegetated water modelled from the radar ratio
1989-07-09,1989,1320.8,1181.1,1460.5,145.1,0.0,410.2,1465.9,1166.2,1765.6,0,Landsat 5,carried by the model,1984-1999,high,no clear observation in this window; vegetated water modelled from the radar ratio
1989-07-25,1989,1325.7,1105.0,1546.4,145.6,0.0,412.4,1471.4,1125.1,1817.6,0,Landsat 5,carried by the model,1984-1999,medium,no clear observation in this window; vegetated water modelled from the radar ratio
1989-08-10,1989,1326.0,1037.1,1614.9,145.7,0.0,413.3,1471.7,1077.9,1865.5,0,Landsat 5,carried by the model,1984-1999,medium,no clear observation in this window; vegetated water modelled from the radar ratio
1989-08-26,1989,1321.6,978.8,1664.4,145.2,0.0,412.7,1466.8,1032.0,1901.6,0,Landsat 5,carried by the model,1984-1999,medium,no clear observation in this window; vegetated water modelled from the radar ratio
1989-09-11,1989,1312.8,928.6,1697.1,144.2,0.0,410.7,1457.1,989.5,1924.6,0,Landsat 5,carried by the model,1984-1999,medium,no clear observation in this window; vegetated water modelled from the radar ratio
1989-09-27,1989,1300.4,883.2,1717.6,142.9,0.0,407.4,1443.2,949.3,1937.2,0,Landsat 5,carried by the model,1984-1999,low,no clear observation in this window; vegetated water modelled from the radar ratio
1989-10-13,1989,1285.3,838.7,1731.9,141.2,0.0,403.4,1426.5,908.6,1944.4,0,Landsat 5,carried by the model,1984-1999,low,no clear observation in this window; vegetated water modelled from the radar ratio
1989-10-29,1989,1268.8,791.8,1745.8,139.4,0.0,399.0,1408.2,865.2,1951.2,0,Landsat 5,carried by the model,1984-1999,low,no clear observation in this window; vegetated water modelled from the radar ratio
1989-11-14,1989,1252.3,741.8,1762.8,137.6,0.0,394.7,1389.9,818.2,1961.5,0,Landsat 5,carried by the model,1984-1999,low,no clear observation in this window; vegetated water modelled from the radar ratio
1989-11-30,1989,1237.2,690.8,1783.6,135.9,0.0,391.0,1373.1,770.1,1976.1,0,Landsat 5,carried by the model,1984-1999,low,no clear observation in this window; vegetated water modelled from the radar ratio
1989-12-16,1989,1224.9,643.8,1806.0,134.6,0.0,388.2,1359.4,725.4,1993.5,0,Landsat 5,carried by the model,1984-1999,low,no clear observation in this window; vegetated water modelled from the radar ratio
1990-01-01,1990,1216.4,606.5,1826.3,133.6,0.0,386.4,1350.0,689.8,2010.2,0,Landsat 5,carried by the model,1984-1999,low,no clear observation in this window; vegetated water modelled from the radar ratio
1990-01-17,1990,1213.0,586.7,1839.3,133.3,0.0,385.9,1346.2,670.9,2021.6,0,Landsat 5,carried by the model,1984-1999,low,no clear observation in this window; vegetated water modelled from the radar ratio
1990-02-02,1990,1215.0,588.7,1841.4,133.5,0.0,386.5,1348.5,673.0,2024.1,0,Landsat 5,carried by the model,1984-1999,low,no clear observation in this window; vegetated water modelled from the radar ratio
1990-02-18,1990,1222.7,615.7,1829.7,134.3,0.0,388.3,1357.0,699.1,2015.0,0,Landsat 5,carried by the model,1984-1999,low,no clear observation in this window; vegetated water modelled from the radar ratio
1990-03-06,1990,1235.8,668.8,1802.8,135.8,0.0,391.1,1371.6,749.7,1993.4,0,Landsat 5,carried by the model,1984-1999,low,no clear observation in this window; vegetated water modelled from the radar ratio
1990-03-22,1990,1253.7,746.7,1760.6,137.7,0.0,395.0,1391.4,822.9,1959.9,0,Landsat 5,carried by the model,1984-1999,low,no clear observation in this window; vegetated water modelled from the radar ratio
1990-04-07,1990,1275.3,845.8,1704.8,140.1,0.0,400.0,1415.4,913.4,1917.4,0,Landsat 5,carried by the model,1984-1999,low,no clear observation in this window; vegetated water modelled from the radar ratio
1990-04-23,1990,1299.5,960.6,1638.3,142.8,0.0,405.8,1442.2,1013.3,1871.2,0,Landsat 5,carried by the model,1984-1999,medium,no clear observation in this window; vegetated water modelled from the radar ratio
1990-05-09,1990,1324.7,1083.9,1565.5,145.5,0.0,412.3,1470.3,1110.9,1829.6,0,Landsat 5,carried by the model,1984-1999,medium,no clear observation in this window; vegetated water modelled from the radar ratio
1990-05-25,1990,1349.6,1206.6,1492.5,148.3,0.0,419.1,1497.8,1191.5,1804.1,0,Landsat 5,carried by the model,1984-1999,high,no clear observation in this window; vegetated water modelled from the radar ratio
1990-06-10,1990,1372.5,1311.2,1433.8,150.8,0.0,425.9,1523.3,1241.4,1805.1,2,Landsat 5,observed,1984-1999,high,vegetated water modelled from the radar ratio
1990-06-26,1990,1393.3,1267.2,1519.5,153.1,0.0,432.6,1546.4,1239.7,1853.1,0,Landsat 5,carried by the model,1984-1999,high,no clear observation in this window; vegetated water modelled from the radar ratio
1990-07-12,1990,1409.8,1223.8,1595.7,154.9,0.0,438.1,1564.6,1225.8,1903.4,0,Landsat 5,carried by the model,1984-1999,medium,no clear observation in this window; vegetated water modelled from the radar ratio
1990-07-28,1990,1420.9,1196.3,1645.5,156.1,0.0,441.9,1577.0,1213.5,1940.4,0,Landsat 5,carried by the model,1984-1999,medium,no clear observation in this window; vegetated water modelled from the radar ratio
1990-08-13,1990,1426.3,1188.5,1664.1,156.7,0.0,443.7,1583.0,1210.3,1955.7,0,Landsat 5,carried by the model,1984-1999,medium,no clear observation in this window; vegetated water modelled from the radar ratio
1990-08-29,1990,1426.0,1201.6,1650.3,156.7,0.0,443.5,1582.6,1218.5,1946.7,0,Landsat 5,carried by the model,1984-1999,medium,no clear observation in this window; vegetated water modelled from the radar ratio
1990-09-14,1990,1420.4,1235.0,1605.8,156.0,0.0,441.4,1576.4,1236.1,1916.7,0,Landsat 5,carried by the model,1984-1999,medium,no clear observation in this window; vegetated water modelled from the radar ratio
1990-09-30,1990,1410.4,1285.4,1535.3,154.9,0.0,437.9,1565.3,1256.0,1874.6,0,Landsat 5,carried by the model,1984-1999,high,no clear observation in this window; vegetated water modelled from the radar ratio
1990-10-16,1990,1397.1,1339.7,1454.5,153.5,0.0,433.5,1550.6,1264.8,1836.5,2,Landsat 5,observed,1984-1999,high,vegetated water modelled from the radar ratio
1990-11-01,1990,1380.9,1241.6,1520.2,151.7,0.0,428.8,1532.6,1222.4,1842.7,0,Landsat 5,carried by the model,1984-1999,high,no clear observation in this window; vegetated water modelled from the radar ratio
1990-11-17,1990,1364.5,1129.1,1600.0,149.9,0.0,424.6,1514.4,1152.7,1876.2,0,Landsat 5,carried by the model,1984-1999,medium,no clear observation in this window; vegetated water modelled from the radar ratio
1990-12-03,1990,1349.8,1018.5,1681.0,148.3,0.0,421.2,1498.1,1068.9,1927.2,0,Landsat 5,carried by the model,1984-1999,medium,no clear observation in this window; vegetated water modelled from the radar ratio
1990-12-19,1990,1338.1,918.8,1757.5,147.0,0.0,419.1,1485.1,985.3,1985.0,0,Landsat 5,carried by the model,1984-1999,low,no clear observation in this window; vegetated water modelled from the radar ratio
1991-01-04,1991,1330.8,836.0,1825.7,146.2,0.0,418.4,1477.0,912.3,2041.8,0,Landsat 5,carried by the model,1984-1999,low,no clear observation in this window; vegetated water modelled from the radar ratio
1991-01-20,1991,1329.1,777.8,1880.3,146.0,0.0,419.1,1475.1,859.9,2090.3,0,Landsat 5,carried by the model,1984-1999,low,no clear observation in this window; vegetated water modelled from the radar ratio
1991-02-05,1991,1333.2,746.5,1919.8,146.5,0.0,421.3,1479.6,831.8,2127.4,0,Landsat 5,carried by the model,1984-1999,low,no clear observation in this window; vegetated water modelled from the radar ratio
1991-02-21,1991,1343.1,743.5,1942.7,147.5,0.0,424.6,1490.6,830.1,2151.2,0,Landsat 5,carried by the model,1984-1999,low,no clear observation in this window; vegetated water modelled from the radar ratio
1991-03-09,1991,1358.4,768.1,1948.8,149.2,0.0,429.1,1507.6,854.3,2161.0,0,Landsat 5,carried by the model,1984-1999,low,no clear observation in this window; vegetated water modelled from the radar ratio
1991-03-25,1991,1378.1,817.4,1938.8,151.4,0.0,434.3,1529.5,901.5,2157.6,0,Landsat 5,carried by the model,1984-1999,low,no clear observation in this window; vegetated water modelled from the radar ratio
1991-04-10,1991,1401.0,887.2,1914.7,153.9,0.0,440.3,1554.9,966.7,2143.0,0,Landsat 5,carried by the model,1984-1999,low,no clear observation in this window; vegetated water modelled from the radar ratio
1991-04-26,1991,1425.2,971.3,1879.2,156.6,0.0,446.5,1581.8,1043.2,2120.4,0,Landsat 5,carried by the model,1984-1999,low,no clear observation in this window; vegetated water modelled from the radar ratio
1991-05-12,1991,1449.2,1062.8,1835.6,159.2,0.0,452.7,1608.4,1123.2,2093.6,0,Landsat 5,carried by the model,1984-1999,medium,no clear observation in this window; vegetated water modelled from the radar ratio
1991-05-28,1991,1471.1,1154.1,1788.0,161.6,0.0,458.4,1632.7,1198.4,2066.9,0,Landsat 5,carried by the model,1984-1999,medium,no clear observation in this window; vegetated water modelled from the radar ratio
1991-06-13,1991,1489.1,1236.8,1741.5,163.6,0.0,463.3,1652.7,1260.9,2044.5,0,Landsat 5,carried by the model,1984-1999,medium,no clear observation in this window; vegetated water modelled from the radar ratio
1991-06-29,1991,1501.9,1301.6,1702.3,165.0,0.0,466.8,1666.9,1304.7,2029.2,0,Landsat 5,carried by the model,1984-1999,medium,no clear observation in this window; vegetated water modelled from the radar ratio
1991-07-15,1991,1508.5,1338.3,1678.6,165.7,0.0,468.6,1674.2,1326.8,2021.6,3,Landsat 5,observed,1984-1999,medium,vegetated water modelled from the radar ratio
1991-07-31,1991,1507.3,1306.5,1708.1,165.6,0.0,468.4,1672.9,1309.5,2036.3,0,Landsat 5,carried by the model,1984-1999,medium,no clear observation in this window; vegetated water modelled from the radar ratio
1991-08-16,1991,1499.2,1256.0,1742.3,164.7,0.0,466.3,1663.9,1276.5,2051.3,0,Landsat 5,carried by the model,1984-1999,medium,no clear observation in this window; vegetated water modelled from the radar ratio
1991-09-01,1991,1484.5,1195.6,1773.4,163.1,0.0,462.3,1647.6,1231.7,2063.5,0,Landsat 5,carried by the model,1984-1999,medium,no clear observation in this window; vegetated water modelled from the radar ratio
1991-09-17,1991,1464.3,1128.3,1800.4,160.9,0.0,456.6,1625.2,1177.5,2072.8,0,Landsat 5,carried by the model,1984-1999,medium,no clear observation in this window; vegetated water modelled from the radar ratio
1991-10-03,1991,1439.9,1054.6,1825.2,158.2,0.0,449.8,1598.1,1114.9,2081.3,0,Landsat 5,carried by the model,1984-1999,medium,no clear observation in this window; vegetated water modelled from the radar ratio
1991-10-19,1991,1412.9,975.7,1850.1,155.2,0.0,442.4,1568.1,1045.0,2091.2,0,Landsat 5,carried by the model,1984-1999,low,no clear observation in this window; vegetated water modelled from the radar ratio
1991-11-04,1991,1385.2,894.0,1876.5,152.2,0.0,435.0,1537.4,970.6,2104.2,0,Landsat 5,carried by the model,1984-1999,low,no clear observation in this window; vegetated water modelled from the radar ratio
1991-11-20,1991,1358.7,813.3,1904.2,149.3,0.0,428.1,1508.0,895.5,2120.6,0,Landsat 5,carried by the model,1984-1999,low,no clear observation in this window; vegetated water modelled from the radar ratio
1991-12-06,1991,1335.3,738.6,1932.0,146.7,0.0,422.2,1482.0,824.7,2139.2,0,Landsat 5,carried by the model,1984-1999,low,no clear observation in this window; vegetated water modelled from the radar ratio
1991-12-22,1991,1316.3,674.8,1957.9,144.6,0.0,417.6,1461.0,763.7,2158.2,0,Landsat 5,carried by the model,1984-1999,low,no clear observation in this window; vegetated water modelled from the radar ratio
1992-01-07,1992,1303.1,626.2,1980.0,143.2,0.0,414.7,1446.2,716.9,2175.6,0,Landsat 5,carried by the model,1984-1999,low,no clear observation in this window; vegetated water modelled from the radar ratio
1992-01-23,1992,1296.5,597.0,1995.9,142.4,0.0,413.3,1438.9,688.8,2189.0,0,Landsat 5,carried by the model,1984-1999,low,no clear observation in this window; vegetated water modelled from the radar ratio
1992-02-08,1992,1296.5,588.3,2004.7,142.4,0.0,413.6,1438.9,680.6,2197.3,0,Landsat 5,carried by the model,1984-1999,low,no clear observation in this window; vegetated water modelled from the radar ratio
1992-02-24,1992,1302.9,599.9,2005.9,143.1,0.0,415.4,1446.0,692.1,2200.0,0,Landsat 5,carried by the model,1984-1999,low,no clear observation in this window; vegetated water modelled from the radar ratio
1992-03-11,1992,1314.8,629.4,2000.3,144.4,0.0,418.5,1459.3,721.1,2197.4,0,Landsat 5,carried by the model,1984-1999,low,no clear observation in this window; vegetated water modelled from the radar ratio
1992-03-27,1992,1331.0,672.7,1989.3,146.2,0.0,422.6,1477.2,763.2,2191.1,0,Landsat 5,carried by the model,1984-1999,low,no clear observation in this window; vegetated water modelled from the radar ratio
1992-04-12,1992,1349.7,723.9,1975.5,148.3,0.0,427.3,1498.0,812.7,2183.2,0,Landsat 5,carried by the model,1984-1999,low,no clear observation in this window; vegetated water modelled from the radar ratio
1992-04-28,1992,1369.1,776.0,1962.2,150.4,0.0,432.4,1519.5,862.8,2176.3,0,Landsat 5,carried by the model,1984-1999,low,no clear observation in this window; vegetated water modelled from the radar ratio
1992-05-14,1992,1387.4,822.2,1952.6,152.4,0.0,437.3,1539.8,906.9,2172.7,0,Landsat 5,carried by the model,1984-1999,low,no clear observation in this window; vegetated water modelled from the radar ratio
1992-05-30,1992,1402.6,856.4,1948.8,154.1,0.0,441.5,1556.7,939.5,2173.9,0,Landsat 5,carried by the model,1984-1999,low,no clear observation in this window; vegetated water modelled from the radar ratio
1992-06-15,1992,1413.1,875.1,1951.0,155.2,0.0,444.5,1568.3,957.5,2179.1,0,Landsat 5,carried by the model,1984-1999,low,no clear observation in this window; vegetated water modelled from the radar ratio
1992-07-01,1992,1417.6,878.1,1957.1,155.7,0.0,445.9,1573.3,960.7,2185.9,0,Landsat 5,carried by the model,1984-1999,low,no clear observation in this window; vegetated water modelled from the radar ratio
1992-07-17,1992,1415.3,867.3,1963.3,155.5,0.0,445.4,1570.8,950.8,2190.8,0,Landsat 5,carried by the model,1984-1999,low,no clear observation in this window; vegetated water modelled from the radar ratio
1992-08-02,1992,1405.9,846.2,1965.6,154.4,0.0,442.8,1560.3,930.8,2189.9,0,Landsat 5,carried by the model,1984-1999,low,no clear observation in this window; vegetated water modelled from the radar ratio
1992-08-18,1992,1389.7,818.3,1961.0,152.7,0.0,438.1,1542.3,903.7,2181.0,0,Landsat 5,carried by the model,1984-1999,low,no clear observation in this window; vegetated water modelled from the radar ratio
1992-09-03,1992,1367.3,786.5,1948.2,150.2,0.0,431.5,1517.6,872.2,2162.9,0,Landsat 5,carried by the model,1984-1999,low,no clear observation in this window; vegetated water modelled from the radar ratio
1992-09-19,1992,1340.3,752.9,1927.6,147.2,0.0,423.5,1487.5,838.5,2136.6,0,Landsat 5,carried by the model,1984-1999,low,no clear observation in this window; vegetated water modelled from the radar ratio
1992-10-05,1992,1310.1,719.2,1901.0,143.9,0.0,414.4,1454.0,804.1,2103.9,0,Landsat 5,carried by the model,1984-1999,low,no clear observation in this window; vegetated water modelled from the radar ratio
1992-10-21,1992,1278.7,686.7,1870.8,140.5,0.0,404.8,1419.2,770.8,2067.6,0,Landsat 5,carried by the model,1984-1999,low,no clear observation in this window; vegetated water modelled from the radar ratio
1992-11-06,1992,1248.2,657.2,1839.3,137.1,0.0,395.6,1385.4,740.3,2030.5,0,Landsat 5,carried by the model,1984-1999,low,no clear observation in this window; vegetated water modelled from the radar ratio
1992-11-22,1992,1220.7,632.8,1808.5,134.1,0.0,387.1,1354.8,714.8,1994.8,0,Landsat 5,carried by the model,1984-1999,low,no clear observation in this window; vegetated water modelled from the radar ratio
1992-12-08,1992,1197.8,616.1,1779.4,131.6,0.0,380.0,1329.4,696.9,1961.8,0,Landsat 5,carried by the model,1984-1999,low,no clear observation in this window; vegetated water modelled from the radar ratio
1992-12-24,1992,1181.1,610.0,1752.1,129.7,0.0,374.6,1310.8,689.5,1932.1,0,Landsat 5,carried by the model,1984-1999,low,no clear observation in this window; vegetated water modelled from the radar ratio
1993-01-09,1993,1171.7,617.3,1726.0,128.7,0.0,371.3,1300.4,695.3,1905.4,0,Landsat 5,carried by the model,1984-1999,low,no clear observation in this window; vegetated water modelled from the radar ratio
1993-01-25,1993,1169.5,639.5,1699.6,128.5,0.0,370.0,1298.0,715.5,1880.5,0,Landsat 5,carried by the model,1984-1999,low,no clear observation in this window; vegetated water modelled from the radar ratio
1993-02-10,1993,1175.0,678.3,1671.8,129.1,0.0,370.8,1304.1,751.7,1856.6,0,Landsat 5,carried by the model,1984-1999,low,no clear observation in this window; vegetated water modelled from the radar ratio
1993-02-26,1993,1187.6,733.8,1641.4,130.5,0.0,373.6,1318.1,803.2,1832.9,0,Landsat 5,carried by the model,1984-1999,low,no clear observation in this window; vegetated water modelled from the radar ratio
1993-03-14,1993,1206.0,804.6,1607.4,132.5,0.0,378.1,1338.5,867.9,1809.1,0,Landsat 5,carried by the model,1984-1999,low,no clear observation in this window; vegetated water modelled from the radar ratio
1993-03-30,1993,1228.7,888.2,1569.2,135.0,0.0,384.0,1363.7,941.8,1785.5,0,Landsat 5,carried by the model,1984-1999,medium,no clear observation in this window; vegetated water modelled from the radar ratio
1993-04-15,1993,1253.8,980.9,1526.7,137.7,0.0,390.8,1391.5,1019.4,1763.7,0,Landsat 5,carried by the model,1984-1999,medium,no clear observation in this window; vegetated water modelled from the radar ratio
1993-05-01,1993,1279.2,1078.0,1480.3,140.5,0.0,397.8,1419.7,1093.1,1746.3,0,Landsat 5,carried by the model,1984-1999,medium,no clear observation in this window; vegetated water modelled from the radar ratio
1993-05-17,1993,1302.8,1173.9,1431.7,143.1,0.0,404.6,1445.9,1154.4,1737.4,0,Landsat 5,carried by the model,1984-1999,high,no clear observation in this window; vegetated water modelled from the radar ratio
1993-06-02,1993,1322.7,1257.9,1387.5,145.3,0.0,410.5,1468.0,1195.1,1741.0,3,Landsat 5,observed,1984-1999,high,vegetated water modelled from the radar ratio
1993-06-18,1993,1339.8,1216.7,1462.9,147.2,0.0,416.0,1487.0,1191.4,1782.7,0,Landsat 5,carried by the model,1984-1999,high,no clear observation in this window; vegetated water modelled from the radar ratio
1993-07-04,1993,1350.2,1166.6,1533.9,148.3,0.0,419.7,1498.6,1170.9,1826.2,0,Landsat 5,carried by the model,1984-1999,medium,no clear observation in this window; vegetated water modelled from the radar ratio
1993-07-20,1993,1353.1,1115.0,1591.2,148.6,0.0,421.0,1501.7,1139.9,1863.5,0,Landsat 5,carried by the model,1984-1999,medium,no clear observation in this window; vegetated water modelled from the radar ratio
1993-08-05,1993,1348.1,1063.6,1632.6,148.1,0.0,420.0,1496.2,1102.7,1889.8,0,Landsat 5,carried by the model,1984-1999,medium,no clear observation in this window; vegetated water modelled from the radar ratio
1993-08-21,1993,1335.8,1013.3,1658.2,146.7,0.0,416.7,1482.5,1061.9,1903.1,0,Landsat 5,carried by the model,1984-1999,medium,no clear observation in this window; vegetated water modelled from the radar ratio
1993-09-06,1993,1317.0,964.4,1669.7,144.7,0.0,411.4,1461.7,1019.5,1903.9,0,Landsat 5,carried by the model,1984-1999,medium,no clear observation in this window; vegetated water modelled from the radar ratio
1993-09-22,1993,1293.4,917.1,1669.8,142.1,0.0,404.6,1435.5,976.7,1894.4,0,Landsat 5,carried by the model,1984-1999,medium,no clear observation in this window; vegetated water modelled from the radar ratio
1993-10-08,1993,1267.0,871.8,1662.1,139.2,0.0,396.7,1406.1,934.4,1877.8,0,Landsat 5,carried by the model,1984-1999,low,no clear observation in this window; vegetated water modelled from the radar ratio
1993-10-24,1993,1239.8,828.9,1650.6,136.2,0.0,388.7,1376.0,893.7,1858.2,0,Landsat 5,carried by the model,1984-1999,low,no clear observation in this window; vegetated water modelled from the radar ratio
1993-11-09,1993,1214.1,789.4,1638.8,133.4,0.0,381.1,1347.5,855.9,1839.2,0,Landsat 5,carried by the model,1984-1999,low,no clear observation in this window; vegetated water modelled from the radar ratio
1993-11-25,1993,1192.2,754.6,1629.8,131.0,0.0,374.7,1323.2,822.3,1824.0,0,Landsat 5,carried by the model,1984-1999,low,no clear observation in this window; vegetated water modelled from the radar ratio
1993-12-11,1993,1175.9,726.2,1625.5,129.2,0.0,369.9,1305.0,795.0,1815.1,0,Landsat 5,carried by the model,1984-1999,low,no clear observation in this window; vegetated water modelled from the radar ratio
1993-12-27,1993,1166.5,706.1,1627.0,128.2,0.0,367.3,1294.7,775.8,1813.6,0,Landsat 5,carried by the model,1984-1999,low,no clear observation in this window; vegetated water modelled from the radar ratio
1994-01-12,1994,1165.1,695.9,1634.3,128.0,0.0,367.1,1293.1,766.5,1819.7,0,Landsat 5,carried by the model,1984-1999,low,no clear observation in this window; vegetated water modelled from the radar ratio
1994-01-28,1994,1171.8,697.3,1646.2,128.7,0.0,369.2,1300.5,768.6,1832.4,0,Landsat 5,carried by the model,1984-1999,low,no clear observation in this window; vegetated water modelled from the radar ratio
1994-02-13,1994,1186.0,710.7,1661.3,130.3,0.0,373.6,1316.3,782.3,1850.2,0,Landsat 5,carried by the model,1984-1999,low,no clear observation in this window; vegetated water modelled from the radar ratio
1994-03-01,1994,1206.5,735.6,1677.5,132.5,0.0,379.8,1339.1,807.2,1871.0,0,Landsat 5,carried by the model,1984-1999,low,no clear observation in this window; vegetated water modelled from the radar ratio
1994-03-17,1994,1231.8,770.9,1692.6,135.3,0.0,387.3,1367.1,841.8,1892.3,0,Landsat 5,carried by the model,1984-1999,low,no clear observation in this window; vegetated water modelled from the radar ratio
1994-04-02,1994,1259.4,814.6,1704.2,138.4,0.0,395.4,1397.7,884.0,1911.5,0,Landsat 5,carried by the model,1984-1999,low,no clear observation in this window; vegetated water modelled from the radar ratio
1994-04-18,1994,1287.0,864.0,1709.9,141.4,0.0,403.4,1428.3,930.8,1925.9,0,Landsat 5,carried by the model,1984-1999,low,no clear observation in this window; vegetated water modelled from the radar ratio
1994-05-04,1994,1311.8,916.2,1707.5,144.1,0.0,410.6,1456.0,978.9,1933.0,0,Landsat 5,carried by the model,1984-1999,low,no clear observation in this window; vegetated water modelled from the radar ratio
1994-05-20,1994,1331.5,967.9,1695.1,146.3,0.0,416.1,1477.8,1025.1,1930.5,0,Landsat 5,carried by the model,1984-1999,medium,no clear observation in this window; vegetated water modelled from the radar ratio
1994-06-05,1994,1343.7,1016.3,1671.1,147.6,0.0,419.3,1491.3,1065.9,1916.8,0,Landsat 5,carried by the model,1984-1999,medium,no clear observation in this window; vegetated water modelled from the radar ratio
1994-06-21,1994,1346.7,1058.8,1634.6,147.9,0.0,419.7,1494.7,1098.8,1890.6,0,Landsat 5,carried by the model,1984-1999,medium,no clear observation in this window; vegetated water modelled from the radar ratio
1994-07-07,1994,1339.3,1093.3,1585.2,147.1,0.0,416.9,1486.4,1121.4,1851.4,0,Landsat 5,carried by the model,1984-1999,medium,no clear observation in this window; vegetated water modelled from the radar ratio
1994-07-23,1994,1320.9,1118.8,1523.0,145.1,0.0,410.7,1466.0,1132.2,1799.7,0,Landsat 5,carried by the model,1984-1999,medium,no clear observation in this window; vegetated water modelled from the radar ratio
1994-08-08,1994,1291.8,1135.1,1448.5,141.9,0.0,401.3,1433.7,1130.6,1736.8,0,Landsat 5,carried by the model,1984-1999,high,no clear observation in this window; vegetated water modelled from the radar ratio
1994-08-24,1994,1252.9,1143.7,1362.1,137.6,0.0,389.0,1390.5,1116.5,1664.6,0,Landsat 5,carried by the model,1984-1999,high,no clear observation in this window; vegetated water modelled from the radar ratio
1994-09-09,1994,1205.9,1151.4,1260.3,132.5,0.0,374.2,1338.3,1090.6,1586.1,2,Landsat 5,observed,1984-1999,high,vegetated water modelled from the radar ratio
1994-09-25,1994,1142.4,1055.0,1229.7,125.5,0.0,354.6,1267.9,1022.7,1513.1,0,Landsat 5,carried by the model,1984-1999,high,no clear observation in this window; vegetated water modelled from the radar ratio
1994-10-11,1994,1076.2,977.0,1175.3,118.2,0.0,334.2,1194.4,956.8,1432.0,0,Landsat 5,carried by the model,1984-1999,high,no clear observation in this window; vegetated water modelled from the radar ratio
1994-10-27,1994,1010.7,916.8,1104.7,111.0,0.0,313.8,1121.8,898.3,1345.3,0,Landsat 5,carried by the model,1984-1999,high,no clear observation in this window; vegetated water modelled from the radar ratio
1994-11-12,1994,949.4,876.5,1022.2,104.3,0.0,294.7,1053.7,849.8,1257.5,2,Landsat 5,observed,1984-1999,high,vegetated water modelled from the radar ratio
1994-11-28,1994,898.6,778.0,1019.3,98.7,0.0,279.3,997.4,780.2,1214.5,0,Landsat 5,carried by the model,1984-1999,high,no clear observation in this window; vegetated water modelled from the radar ratio
1994-12-14,1994,856.8,694.8,1018.8,94.1,0.0,266.7,950.9,714.2,1187.6,0,Landsat 5,carried by the model,1984-1999,medium,no clear observation in this window; vegetated water modelled from the radar ratio
1994-12-30,1994,825.0,627.7,1022.4,90.6,0.0,257.4,915.7,657.3,1174.0,0,Landsat 5,carried by the model,1984-1999,medium,no clear observation in this window; vegetated water modelled from the radar ratio
1995-01-15,1995,803.8,578.2,1029.5,88.3,0.0,251.3,892.2,613.8,1170.5,0,Landsat 5,carried by the model,1984-1999,medium,no clear observation in this window; vegetated water modelled from the radar ratio
1995-01-31,1995,792.5,547.8,1037.2,87.1,0.0,248.1,879.5,586.6,1172.5,0,Landsat 5,carried by the model,1984-1999,medium,no clear observation in this window; vegetated water modelled from the radar ratio
1995-02-16,1995,789.6,535.9,1043.4,86.7,0.0,247.4,876.4,576.1,1176.7,0,Landsat 5,carried by the model,1984-1999,medium,no clear observation in this window; vegetated water modelled from the radar ratio
1995-03-04,1995,793.3,541.2,1045.5,87.2,0.0,248.5,880.5,581.1,1179.9,0,Landsat 5,carried by the model,1984-1999,medium,no clear observation in this window; vegetated water modelled from the radar ratio
1995-03-20,1995,801.0,561.0,1041.1,88.0,0.0,250.7,889.1,599.1,1179.0,0,Landsat 5,carried by the model,1984-1999,medium,no clear observation in this window; vegetated water modelled from the radar ratio
1995-04-05,1995,810.0,591.9,1028.2,89.0,0.0,253.1,899.0,626.1,1172.0,0,Landsat 5,carried by the model,1984-1999,medium,no clear observation in this window; vegetated water modelled from the radar ratio
1995-04-21,1995,817.5,629.9,1005.2,89.8,0.0,254.9,907.3,657.4,1157.3,0,Landsat 5,carried by the model,1984-1999,medium,no clear observation in this window; vegetated water modelled from the radar ratio
1995-05-07,1995,820.9,671.0,970.8,90.2,0.0,255.5,911.1,688.0,1134.3,0,Landsat 5,carried by the model,1984-1999,high,no clear observation in this window; vegetated water modelled from the radar ratio
1995-05-23,1995,818.2,712.5,923.9,89.9,0.0,254.2,908.1,712.6,1103.5,0,Landsat 5,carried by the model,1984-1999,high,no clear observation in this window; vegetated water modelled from the radar ratio
1995-06-08,1995,807.8,756.9,858.7,88.7,0.0,250.7,896.5,726.8,1066.3,2,Landsat 5,observed,1984-1999,high,vegetated water modelled from the radar ratio
1995-06-24,1995,787.7,699.7,875.8,86.5,0.0,244.7,874.3,693.3,1055.3,0,Landsat 5,carried by the model,1984-1999,high,no clear observation in this window; vegetated water modelled from the radar ratio
1995-07-10,1995,759.6,655.1,864.1,83.5,0.0,236.1,843.1,658.1,1028.1,0,Landsat 5,carried by the model,1984-1999,high,no clear observation in this window; vegetated water modelled from the radar ratio
1995-07-26,1995,724.6,619.8,829.3,79.6,0.0,225.2,804.2,624.8,983.5,0,Landsat 5,carried by the model,1984-1999,high,no clear observation in this window; vegetated water modelled from the radar ratio
1995-08-11,1995,684.4,595.8,773.0,75.2,0.0,212.7,759.6,596.1,923.2,0,Landsat 5,carried by the model,1984-1999,high,no clear observation in this window; vegetated water modelled from the radar ratio
1995-08-27,1995,641.8,591.5,692.1,70.5,0.0,199.2,712.3,574.1,850.5,3,Landsat 5,observed,1984-1999,high,vegetated water modelled from the radar ratio
1995-09-12,1995,609.2,512.2,706.2,66.9,0.0,189.5,676.1,519.8,832.4,0,Landsat 5,carried by the model,1984-1999,high,no clear observation in this window; vegetated water modelled from the radar ratio
1995-09-28,1995,579.5,453.2,705.7,63.7,0.0,180.6,643.1,471.0,815.2,0,Landsat 5,carried by the model,1984-1999,high,no clear observation in this window; vegetated water modelled from the radar ratio
1995-10-14,1995,555.0,411.0,699.0,61.0,0.0,173.3,615.9,433.3,798.6,0,Landsat 5,carried by the model,1984-1999,high,no clear observation in this window; vegetated water modelled from the radar ratio
1995-10-30,1995,538.0,387.1,688.9,59.1,0.0,168.2,597.1,410.9,783.3,0,Landsat 5,carried by the model,1984-1999,high,no clear observation in this window; vegetated water modelled from the radar ratio
1995-11-15,1995,530.4,383.2,677.6,58.3,0.0,165.8,588.7,406.4,771.0,0,Landsat 5,carried by the model,1984-1999,high,no clear observation in this window; vegetated water modelled from the radar ratio
1995-12-01,1995,533.7,400.5,666.9,58.6,0.0,166.6,592.4,420.9,763.8,0,Landsat 5,carried by the model,1984-1999,high,no clear observation in this window; vegetated water modelled from the radar ratio
1995-12-17,1995,548.6,439.1,658.2,60.3,0.0,170.9,608.9,453.2,764.6,0,Landsat 5,carried by the model,1984-1999,high,no clear observation in this window; vegetated water modelled from the radar ratio
1996-01-02,1996,575.4,498.7,652.1,63.2,0.0,178.8,638.6,499.9,777.3,2,Landsat 5,observed,1984-1999,high,vegetated water modelled from the radar ratio
1996-01-18,1996,619.5,504.4,734.5,68.1,0.0,192.8,687.5,517.8,857.2,0,Landsat 5,carried by the model,1984-1999,high,no clear observation in this window; vegetated water modelled from the radar ratio
1996-02-03,1996,672.7,527.0,818.4,73.9,0.0,209.6,746.6,547.4,945.7,0,Landsat 5,carried by the model,1984-1999,high,no clear observation in this window; vegetated water modelled from the radar ratio
1996-02-19,1996,732.6,564.4,900.7,80.5,0.0,228.4,813.0,589.0,1037.0,0,Landsat 5,carried by the model,1984-1999,medium,no clear observation in this window; vegetated water modelled from the radar ratio
1996-03-06,1996,796.3,614.7,977.8,87.5,0.0,248.3,883.7,641.2,1126.3,0,Landsat 5,carried by the model,1984-1999,medium,no clear observation in this window; vegetated water modelled from the radar ratio
1996-03-22,1996,860.7,675.6,1045.9,94.6,0.0,268.2,955.3,701.4,1209.2,0,Landsat 5,carried by the model,1984-1999,medium,no clear observation in this window; vegetated water modelled from the radar ratio
1996-04-07,1996,922.9,744.2,1101.6,101.4,0.0,287.4,1024.3,766.4,1282.2,0,Landsat 5,carried by the model,1984-1999,medium,no clear observation in this window; vegetated water modelled from the radar ratio
1996-04-23,1996,979.8,817.4,1142.2,107.6,0.0,304.8,1087.4,832.0,1342.9,0,Landsat 5,carried by the model,1984-1999,medium,no clear observation in this window; vegetated water modelled from the radar ratio
1996-05-09,1996,1029.0,892.3,1165.8,113.0,0.0,319.8,1142.1,894.2,1390.0,0,Landsat 5,carried by the model,1984-1999,high,no clear observation in this window; vegetated water modelled from the radar ratio
1996-05-25,1996,1068.7,967.2,1170.1,117.4,0.0,331.8,1186.1,948.8,1423.3,0,Landsat 5,carried by the model,1984-1999,high,no clear observation in this window; vegetated water modelled from the radar ratio
1996-06-10,1996,1097.4,1046.6,1148.1,120.6,0.0,340.5,1217.9,992.2,1443.7,2,Landsat 5,observed,1984-1999,high,vegetated water modelled from the radar ratio
1996-06-26,1996,1093.6,1037.5,1149.8,120.1,0.0,339.4,1213.8,987.5,1440.1,2,Landsat 5,observed,1984-1999,high,vegetated water modelled from the radar ratio
1996-07-12,1996,1091.8,1010.1,1173.4,119.9,0.0,338.9,1211.7,978.0,1445.4,0,Landsat 5,carried by the model,1984-1999,high,no clear observation in this window; vegetated water modelled from the radar ratio
1996-07-28,1996,1082.0,1001.2,1162.7,118.9,0.0,335.9,1200.8,969.3,1432.4,0,Landsat 5,carried by the model,1984-1999,high,no clear observation in this window; vegetated water modelled from the radar ratio
1996-08-13,1996,1066.2,1011.9,1120.5,117.1,0.0,330.9,1183.3,962.8,1403.8,3,Landsat 5,observed,1984-1999,high,vegetated water modelled from the radar ratio
1996-08-29,1996,1042.9,934.8,1150.9,114.6,0.0,323.9,1157.4,921.9,1393.0,0,Landsat 5,carried by the model,1984-1999,high,no clear observation in this window; vegetated water modelled from the radar ratio
1996-09-14,1996,1018.4,865.7,1171.0,111.9,0.0,316.6,1130.3,874.9,1385.6,0,Landsat 5,carried by the model,1984-1999,high,no clear observation in this window; vegetated water modelled from the radar ratio
1996-09-30,1996,995.2,801.8,1188.6,109.3,0.0,309.9,1104.5,825.9,1383.2,0,Landsat 5,carried by the model,1984-1999,medium,no clear observation in this window; vegetated water modelled from the radar ratio
1996-10-16,1996,975.5,744.8,1206.2,107.2,0.0,304.3,1082.6,779.2,1386.1,0,Landsat 5,carried by the model,1984-1999,medium,no clear observation in this window; vegetated water modelled from the radar ratio
1996-11-01,1996,960.8,697.0,1224.6,105.6,0.0,300.3,1066.4,738.5,1394.2,0,Landsat 5,carried by the model,1984-1999,medium,no clear observation in this window; vegetated water modelled from the radar ratio
1996-11-17,1996,952.3,660.6,1244.1,104.6,0.0,298.1,1056.9,706.8,1407.0,0,Landsat 5,carried by the model,1984-1999,medium,no clear observation in this window; vegetated water modelled from the radar ratio
1996-12-03,1996,950.4,636.7,1264.2,104.4,0.0,298.0,1054.9,686.2,1423.5,0,Landsat 5,carried by the model,1984-1999,medium,no clear observation in this window; vegetated water modelled from the radar ratio
1996-12-19,1996,955.0,626.1,1283.9,104.9,0.0,299.7,1059.9,677.6,1442.2,0,Landsat 5,carried by the model,1984-1999,medium,no clear observation in this window; vegetated water modelled from the radar ratio
1997-01-04,1997,964.7,628.0,1301.4,106.0,0.0,302.8,1070.7,680.7,1460.7,0,Landsat 5,carried by the model,1984-1999,medium,no clear observation in this window; vegetated water modelled from the radar ratio
1997-01-20,1997,979.2,641.9,1316.5,107.6,0.0,307.3,1086.8,694.8,1478.7,0,Landsat 5,carried by the model,1984-1999,medium,no clear observation in this window; vegetated water modelled from the radar ratio
1997-02-05,1997,996.7,666.5,1326.9,109.5,0.0,312.5,1106.2,718.6,1493.8,0,Landsat 5,carried by the model,1984-1999,medium,no clear observation in this window; vegetated water modelled from the radar ratio
1997-02-21,1997,1015.5,699.6,1331.4,111.6,0.0,318.0,1127.0,749.7,1504.4,0,Landsat 5,carried by the model,1984-1999,medium,no clear observation in this window; vegetated water modelled from the radar ratio
1997-03-09,1997,1033.8,739.1,1328.5,113.6,0.0,323.2,1147.4,785.7,1509.0,0,Landsat 5,carried by the model,1984-1999,medium,no clear observation in this window; vegetated water modelled from the radar ratio
1997-03-25,1997,1050.1,782.7,1317.4,115.4,0.0,327.8,1165.4,823.9,1506.9,0,Landsat 5,carried by the model,1984-1999,medium,no clear observation in this window; vegetated water modelled from the radar ratio
1997-04-10,1997,1063.0,828.5,1297.5,116.8,0.0,331.3,1179.8,861.9,1497.6,0,Landsat 5,carried by the model,1984-1999,medium,no clear observation in this window; vegetated water modelled from the radar ratio
1997-04-26,1997,1071.7,874.8,1268.7,117.7,0.0,333.6,1189.4,897.2,1481.6,0,Landsat 5,carried by the model,1984-1999,medium,no clear observation in this window; vegetated water modelled from the radar ratio
1997-05-12,1997,1075.8,920.7,1230.9,118.2,0.0,334.4,1194.0,927.8,1460.1,0,Landsat 5,carried by the model,1984-1999,high,no clear observation in this window; vegetated water modelled from the radar ratio
1997-05-28,1997,1075.3,966.7,1184.0,118.1,0.0,333.9,1193.4,951.8,1435.1,0,Landsat 5,carried by the model,1984-1999,high,no clear observation in this window; vegetated water modelled from the radar ratio
1997-06-13,1997,1070.9,1018.9,1122.9,117.6,0.0,332.3,1188.5,967.6,1409.4,3,Landsat 5,observed,1984-1999,high,vegetated water modelled from the radar ratio
1997-06-29,1997,1067.3,995.6,1139.0,117.2,0.0,331.3,1184.5,958.8,1410.2,0,Landsat 5,carried by the model,1984-1999,high,no clear observation in this window; vegetated water modelled from the radar ratio
1997-07-15,1997,1061.7,1002.5,1120.8,116.6,0.0,329.5,1178.3,957.4,1399.2,2,Landsat 5,observed,1984-1999,high,vegetated water modelled from the radar ratio
1997-07-31,1997,1074.5,976.5,1172.5,118.0,0.0,333.6,1192.6,955.8,1429.4,3,Landsat 5,observed,1984-1999,high,vegetated water modelled from the radar ratio
1997-08-16,1997,1068.7,927.3,1210.2,117.4,0.0,332.1,1186.1,929.0,1443.2,0,Landsat 5,carried by the model,1984-1999,high,no clear observation in this window; vegetated water modelled from the radar ratio
1997-09-01,1997,1063.1,885.8,1240.3,116.8,0.0,330.7,1179.9,902.1,1457.6,0,Landsat 5,carried by the model,1984-1999,medium,no clear observation in this window; vegetated water modelled from the radar ratio
1997-09-17,1997,1058.8,853.3,1264.3,116.3,0.0,329.7,1175.1,878.9,1471.4,0,Landsat 5,carried by the model,1984-1999,medium,no clear observation in this window; vegetated water modelled from the radar ratio
1997-10-03,1997,1057.0,831.4,1282.6,116.1,0.0,329.4,1173.1,862.7,1483.5,0,Landsat 5,carried by the model,1984-1999,medium,no clear observation in this window; vegetated water modelled from the radar ratio
1997-10-19,1997,1058.5,822.0,1295.0,116.3,0.0,330.0,1174.8,856.0,1493.5,0,Landsat 5,carried by the model,1984-1999,medium,no clear observation in this window; vegetated water modelled from the radar ratio
1997-11-04,1997,1063.8,825.9,1301.7,116.9,0.0,331.6,1180.7,860.2,1501.2,0,Landsat 5,carried by the model,1984-1999,medium,no clear observation in this window; vegetated water modelled from the radar ratio
1997-11-20,1997,1073.1,843.4,1302.8,117.9,0.0,334.4,1191.0,875.4,1506.7,0,Landsat 5,carried by the model,1984-1999,medium,no clear observation in this window; vegetated water modelled from the radar ratio
1997-12-06,1997,1086.1,873.8,1298.5,119.3,0.0,338.2,1205.5,900.5,1510.5,0,Landsat 5,carried by the model,1984-1999,medium,no clear observation in this window; vegetated water modelled from the radar ratio
1997-12-22,1997,1102.3,915.4,1289.2,121.1,0.0,342.9,1223.4,933.3,1513.4,0,Landsat 5,carried by the model,1984-1999,medium,no clear observation in this window; vegetated water modelled from the radar ratio
1998-01-07,1998,1120.8,966.7,1274.9,123.1,0.0,348.3,1243.9,971.0,1516.8,0,Landsat 5,carried by the model,1984-1999,high,no clear observation in this window; vegetated water modelled from the radar ratio
1998-01-23,1998,1140.2,1024.7,1255.7,125.3,0.0,354.1,1265.4,1009.1,1521.7,0,Landsat 5,carried by the model,1984-1999,high,no clear observation in this window; vegetated water modelled from the radar ratio
1998-02-08,1998,1159.2,1089.5,1229.0,127.4,0.0,359.8,1286.6,1043.9,1529.3,3,Landsat 5,observed,1984-1999,high,vegetated water modelled from the radar ratio
1998-02-24,1998,1172.7,1079.4,1266.0,128.8,0.0,364.0,1301.5,1048.5,1554.6,0,Landsat 5,carried by the model,1984-1999,high,no clear observation in this window; vegetated water modelled from the radar ratio
1998-03-12,1998,1183.6,1081.9,1285.4,130.0,0.0,367.5,1313.6,1055.3,1572.0,0,Landsat 5,carried by the model,1984-1999,high,no clear observation in this window; vegetated water modelled from the radar ratio
1998-03-28,1998,1191.3,1096.2,1286.5,130.9,0.0,369.8,1322.2,1065.0,1579.4,3,Landsat 5,observed,1984-1999,high,vegetated water modelled from the radar ratio
1998-04-13,1998,1197.0,1093.8,1300.2,131.5,0.0,371.6,1328.5,1067.1,1589.9,0,Landsat 5,carried by the model,1984-1999,high,no clear observation in this window; vegetated water modelled from the radar ratio
1998-04-29,1998,1198.6,1103.3,1293.9,131.7,0.0,372.1,1330.3,1071.7,1588.9,2,Landsat 5,observed,1984-1999,high,vegetated water modelled from the radar ratio
1998-05-15,1998,1185.4,1100.2,1270.5,130.2,0.0,367.9,1315.6,1063.1,1568.1,0,Landsat 5,carried by the model,1984-1999,high,no clear observation in this window; vegetated water modelled from the radar ratio
1998-05-31,1998,1169.2,1117.6,1220.9,128.4,0.0,362.8,1297.7,1057.7,1537.6,2,Landsat 5,observed,1984-1999,high,vegetated water modelled from the radar ratio
1998-06-16,1998,1169.6,1080.9,1258.3,128.5,0.0,363.1,1298.1,1047.3,1548.9,0,Landsat 5,carried by the model,1984-1999,high,no clear observation in this window; vegetated water modelled from the radar ratio
1998-07-02,1998,1168.6,1062.7,1274.4,128.4,0.0,362.8,1297.0,1039.7,1554.2,0,Landsat 5,carried by the model,1984-1999,high,no clear observation in this window; vegetated water modelled from the radar ratio
1998-07-18,1998,1166.3,1056.1,1276.6,128.1,0.0,362.2,1294.5,1035.8,1553.1,3,Landsat 5,observed,1984-1999,high,vegetated water modelled from the radar ratio
1998-08-03,1998,1153.5,1017.9,1289.0,126.7,0.0,358.3,1280.2,1011.8,1548.5,0,Landsat 5,carried by the model,1984-1999,high,no clear observation in this window; vegetated water modelled from the radar ratio
1998-08-19,1998,1140.7,990.1,1291.4,125.3,0.0,354.5,1266.1,991.8,1540.3,0,Landsat 5,carried by the model,1984-1999,high,no clear observation in this window; vegetated water modelled from the radar ratio
1998-09-04,1998,1129.3,974.3,1284.4,124.1,0.0,351.0,1253.4,978.5,1528.2,0,Landsat 5,carried by the model,1984-1999,high,no clear observation in this window; vegetated water modelled from the radar ratio
1998-09-20,1998,1120.2,972.0,1268.4,123.1,0.0,348.1,1243.3,973.8,1512.7,0,Landsat 5,carried by the model,1984-1999,high,no clear observation in this window; vegetated water modelled from the radar ratio
1998-10-06,1998,1114.2,984.6,1243.8,122.4,0.0,346.1,1236.6,978.1,1495.1,0,Landsat 5,carried by the model,1984-1999,high,no clear observation in this window; vegetated water modelled from the radar ratio
1998-10-22,1998,1111.9,1013.6,1210.2,122.2,0.0,345.2,1234.1,990.3,1477.8,0,Landsat 5,carried by the model,1984-1999,high,no clear observation in this window; vegetated water modelled from the radar ratio
1998-11-07,1998,1113.6,1064.8,1162.4,122.3,0.0,345.6,1235.9,1007.5,1464.4,2,Landsat 5,observed,1984-1999,high,vegetated water modelled from the radar ratio
1998-11-23,1998,1133.4,1071.8,1195.0,124.5,0.0,351.7,1257.9,1022.5,1493.3,2,Landsat 5,observed,1984-1999,high,vegetated water modelled from the radar ratio
1998-12-09,1998,1144.1,1028.2,1260.1,125.7,0.0,355.3,1269.8,1012.6,1527.1,0,Landsat 5,carried by the model,1984-1999,high,no clear observation in this window; vegetated water modelled from the radar ratio
1998-12-25,1998,1156.5,994.1,1319.0,127.1,0.0,359.5,1283.6,1000.0,1567.2,0,Landsat 5,carried by the model,1984-1999,medium,no clear observation in this window; vegetated water modelled from the radar ratio
1999-01-10,1999,1169.8,965.2,1374.4,128.5,0.0,364.0,1298.3,986.4,1610.3,0,Landsat 7,carried by the model,1984-1999,medium,no clear observation in this window; vegetated water modelled from the radar ratio
1999-01-26,1999,1182.6,941.5,1423.8,129.9,0.0,368.4,1312.5,973.4,1651.7,0,Landsat 7,carried by the model,1984-1999,medium,no clear observation in this window; vegetated water modelled from the radar ratio
1999-02-11,1999,1194.2,922.7,1465.7,131.2,0.0,372.3,1325.4,962.3,1688.5,0,Landsat 7,carried by the model,1984-1999,medium,no clear observation in this window; vegetated water modelled from the radar ratio
1999-02-27,1999,1203.7,909.1,1498.3,132.2,0.0,375.6,1335.9,953.8,1718.1,0,Landsat 7,carried by the model,1984-1999,medium,no clear observation in this window; vegetated water modelled from the radar ratio
1999-03-15,1999,1210.5,900.7,1520.2,133.0,0.0,377.9,1343.5,948.6,1738.3,0,Landsat 7,carried by the model,1984-1999,medium,no clear observation in this window; vegetated water modelled from the radar ratio
1999-03-31,1999,1214.1,897.6,1530.5,133.4,0.0,379.1,1347.4,946.8,1748.1,0,Landsat 7,carried by the model,1984-1999,medium,no clear observation in this window; vegetated water modelled from the radar ratio
1999-04-16,1999,1214.3,899.8,1528.8,133.4,0.0,379.2,1347.7,948.6,1746.9,0,Landsat 7,carried by the model,1984-1999,medium,no clear observation in this window; vegetated water modelled from the radar ratio
1999-05-02,1999,1211.3,907.1,1515.6,133.1,0.0,378.1,1344.4,953.8,1735.0,0,Landsat 7,carried by the model,1984-1999,medium,no clear observation in this window; vegetated water modelled from the radar ratio
1999-05-18,1999,1205.5,919.5,1491.5,132.4,0.0,376.0,1337.9,962.2,1713.6,0,Landsat 7,carried by the model,1984-1999,medium,no clear observation in this window; vegetated water modelled from the radar ratio
1999-06-03,1999,1197.4,936.8,1458.0,131.5,0.0,373.2,1328.9,973.5,1684.3,0,Landsat 7,carried by the model,1984-1999,medium,no clear observation in this window; vegetated water modelled from the radar ratio
1999-06-19,1999,1187.9,958.9,1416.9,130.5,0.0,369.9,1318.4,987.1,1649.6,0,Landsat 7,carried by the model,1984-1999,medium,no clear observation in this window; vegetated water modelled from the radar ratio
1999-07-05,1999,1177.8,985.6,1370.1,129.4,0.0,366.4,1307.2,1002.1,1612.4,0,Landsat 7,carried by the model,1984-1999,medium,no clear observation in this window; vegetated water modelled from the radar ratio
1999-07-21,1999,1168.3,1017.0,1319.5,128.3,0.0,363.0,1296.6,1017.4,1575.8,0,Landsat 7,carried by the model,1984-1999,high,no clear observation in this window; vegetated water modelled from the radar ratio
1999-08-06,1999,1160.1,1053.8,1266.5,127.4,0.0,360.2,1287.6,1031.7,1543.5,0,Landsat 7,carried by the model,1984-1999,high,no clear observation in this window; vegetated water modelled from the radar ratio
1999-08-22,1999,1154.2,1100.3,1208.1,126.8,0.0,358.2,1281.0,1043.4,1518.5,6,Landsat 7,observed,1984-1999,high,vegetated water modelled from the radar ratio
1999-09-07,1999,1155.5,1060.5,1250.4,126.9,0.0,358.7,1282.4,1031.9,1532.9,0,Landsat 7,carried by the model,1984-1999,high,no clear observation in this window; vegetated water modelled from the radar ratio
1999-09-23,1999,1159.7,1039.5,1279.9,127.4,0.0,360.2,1287.1,1025.1,1549.1,0,Landsat 7,carried by the model,1984-1999,high,no clear observation in this window; vegetated water modelled from the radar ratio
1999-10-09,1999,1166.6,1033.5,1299.8,128.2,0.0,362.4,1294.8,1025.3,1564.2,0,Landsat 7,carried by the model,1984-1999,high,no clear observation in this window; vegetated water modelled from the radar ratio
1999-10-25,1999,1175.8,1041.2,1310.5,129.2,0.0,365.3,1305.0,1033.2,1576.8,0,Landsat 7,carried by the model,1984-1999,high,no clear observation in this window; vegetated water modelled from the radar ratio
1999-11-10,1999,1186.7,1061.2,1312.2,130.4,0.0,368.6,1317.1,1047.8,1586.3,0,Landsat 7,carried by the model,1984-1999,high,no clear observation in this window; vegetated water modelled from the radar ratio
1999-11-26,1999,1198.4,1091.6,1305.2,131.7,0.0,372.1,1330.0,1066.9,1593.1,3,Landsat 7,observed,1984-1999,high,vegetated water modelled from the radar ratio
1999-12-12,1999,1201.4,1075.2,1327.5,132.0,0.0,373.1,1333.4,1061.2,1605.5,0,Landsat 7,carried by the model,1984-1999,high,no clear observation in this window; vegetated water modelled from the radar ratio
1999-12-28,1999,1204.1,1067.5,1340.6,132.3,0.0,374.0,1336.3,1058.7,1614.0,0,Landsat 7,carried by the model,1984-1999,high,no clear observation in this window; vegetated water modelled from the radar ratio
2000-01-13,2000,1206.3,1068.8,1343.9,132.5,0.0,374.7,1338.9,1060.3,1617.4,0,Landsat 7,carried by the model,2000-2014,high,no clear observation in this window; vegetated water modelled from the radar ratio
2000-01-29,2000,1207.6,1078.9,1336.2,132.7,0.0,375.1,1340.3,1065.8,1614.7,0,Landsat 7,carried by the model,2000-2014,high,no clear observation in this window; vegetated water modelled from the radar ratio
2000-02-14,2000,1207.7,1098.7,1316.7,132.7,0.0,375.0,1340.4,1074.7,1606.1,0,Landsat 7,carried by the model,2000-2014,high,no clear observation in this window; vegetated water modelled from the radar ratio
2000-03-01,2000,1206.5,1130.4,1282.6,132.5,0.0,374.5,1339.0,1085.5,1592.6,2,MODIS Terra,observed,2000-2014,high,vegetated water modelled from the radar ratio
2000-03-17,2000,1202.8,1142.8,1262.9,132.1,0.0,373.3,1335.0,1086.5,1583.5,2,MODIS Terra,observed,2000-2014,high,vegetated water modelled from the radar ratio
2000-04-02,2000,1208.4,1145.9,1270.9,132.8,0.0,375.0,1341.1,1091.0,1591.3,2,MODIS Terra,observed,2000-2014,high,vegetated water modelled from the radar ratio
2000-04-18,2000,1195.4,1140.4,1250.3,131.3,0.0,370.9,1326.7,1080.9,1572.5,2,MODIS Terra,observed,2000-2014,high,vegetated water modelled from the radar ratio
2000-05-04,2000,1185.2,1132.2,1238.2,130.2,0.0,367.8,1315.4,1072.0,1558.8,2,MODIS Terra,observed,2000-2014,high,vegetated water modelled from the radar ratio
2000-05-20,2000,1183.5,1130.7,1236.3,130.0,0.0,367.2,1313.5,1070.5,1556.6,2,MODIS Terra,observed,2000-2014,high,vegetated water modelled from the radar ratio
2000-06-05,2000,1179.6,1126.7,1232.6,129.6,0.0,366.0,1309.2,1066.9,1551.5,2,MODIS Terra,observed,2000-2014,high,vegetated water modelled from the radar ratio
2000-06-21,2000,1177.3,1123.5,1231.2,129.3,0.0,365.3,1306.7,1064.6,1548.7,2,MODIS Terra,observed,2000-2014,high,vegetated water modelled from the radar ratio
2000-07-07,2000,1176.9,1124.0,1229.8,129.3,0.0,365.2,1306.2,1064.4,1548.0,2,MODIS Terra,observed,2000-2014,high,vegetated water modelled from the radar ratio
2000-07-23,2000,1169.6,1117.2,1222.1,128.5,0.0,362.9,1298.1,1057.9,1538.4,2,MODIS Terra,observed,2000-2014,high,vegetated water modelled from the radar ratio
2000-08-08,2000,1153.9,1102.8,1204.9,126.8,0.0,358.0,1280.6,1043.8,1517.5,2,MODIS Terra,observed,2000-2014,high,vegetated water modelled from the radar ratio
2000-08-24,2000,1129.3,1091.2,1167.3,124.1,0.0,350.4,1253.3,1023.8,1482.8,8,Landsat 7 + MODIS Terra,observed,2000-2014,high,vegetated water modelled from the radar ratio
2000-09-09,2000,1098.6,1047.2,1150.1,120.7,0.0,340.9,1219.3,993.2,1445.5,2,MODIS Terra,observed,2000-2014,high,vegetated water modelled from the radar ratio
2000-09-25,2000,1054.2,1001.3,1107.1,115.8,0.0,327.1,1170.0,952.2,1387.9,2,MODIS Terra,observed,2000-2014,high,vegetated water modelled from the radar ratio
2000-10-11,2000,1019.7,965.0,1074.5,112.0,0.0,316.5,1131.8,920.1,1343.4,2,MODIS Terra,observed,2000-2014,high,vegetated water modelled from the radar ratio
2000-10-27,2000,1041.8,993.4,1090.1,114.4,0.0,323.3,1156.2,941.9,1370.6,4,Landsat 7 + MODIS Terra,observed,2000-2014,high,vegetated water modelled from the radar ratio
2000-11-12,2000,1019.4,959.5,1079.3,112.0,0.0,316.4,1131.4,918.4,1344.4,2,MODIS Terra,observed,2000-2014,high,vegetated water modelled from the radar ratio
2000-11-28,2000,1096.5,1032.6,1160.4,120.5,0.0,340.3,1216.9,988.0,1445.8,2,MODIS Terra,observed,2000-2014,high,vegetated water modelled from the radar ratio
2000-12-14,2000,1149.2,1084.6,1213.9,126.3,0.0,356.7,1275.5,1036.2,1514.8,2,MODIS Terra,observed,2000-2014,high,vegetated water modelled from the radar ratio
2000-12-30,2000,1191.8,1122.2,1261.3,130.9,0.0,369.9,1322.7,1073.9,1571.6,7,Landsat 7 + MODIS Terra,observed,2000-2014,high,vegetated water modelled from the radar ratio
2001-01-15,2001,1214.0,1114.6,1313.4,133.4,0.0,376.9,1347.4,1084.4,1610.4,0,Landsat 7,carried by the model,2000-2014,high,no clear observation in this window; vegetated water modelled from the radar ratio
2001-01-31,2001,1233.6,1120.7,1346.5,135.5,0.0,383.0,1369.1,1097.1,1641.2,0,Landsat 7,carried by the model,2000-2014,high,no clear observation in this window; vegetated water modelled from the radar ratio
2001-02-16,2001,1248.7,1135.8,1361.7,137.2,0.0,387.7,1385.9,1111.1,1660.7,0,Landsat 7,carried by the model,2000-2014,high,no clear observation in this window; vegetated water modelled from the radar ratio
2001-03-04,2001,1258.8,1159.2,1358.3,138.3,0.0,390.8,1397.1,1125.7,1668.5,0,Landsat 7,carried by the model,2000-2014,high,no clear observation in this window; vegetated water modelled from the radar ratio
2001-03-20,2001,1263.5,1194.0,1333.0,138.8,0.0,392.1,1402.4,1139.7,1665.0,2,MODIS Terra,observed,2000-2014,high,vegetated water modelled from the radar ratio
2001-04-05,2001,1256.5,1201.2,1311.8,138.0,0.0,389.9,1394.5,1136.7,1652.4,2,MODIS Terra,observed,2000-2014,high,vegetated water modelled from the radar ratio
2001-04-21,2001,1250.4,1197.1,1303.6,137.4,0.0,388.0,1387.8,1131.5,1644.0,2,MODIS Terra,observed,2000-2014,high,vegetated water modelled from the radar ratio
2001-05-07,2001,1245.3,1191.8,1298.8,136.8,0.0,386.4,1382.1,1126.8,1637.4,2,MODIS Terra,observed,2000-2014,high,vegetated water modelled from the radar ratio
2001-05-23,2001,1237.7,1180.2,1295.2,136.0,0.0,384.1,1373.7,1119.0,1628.3,2,MODIS Terra,observed,2000-2014,high,vegetated water modelled from the radar ratio
2001-06-08,2001,1223.6,1143.7,1303.6,134.4,0.0,379.8,1358.1,1100.0,1616.1,0,Landsat 7,carried by the model,2000-2014,high,no clear observation in this window; vegetated water modelled from the radar ratio
2001-06-24,2001,1210.1,1135.1,1285.0,132.9,0.0,375.6,1343.0,1089.1,1596.9,2,MODIS Terra,observed,2000-2014,high,vegetated water modelled from the radar ratio
2001-07-10,2001,1231.2,1174.6,1287.8,135.3,0.0,382.1,1366.5,1113.3,1619.7,2,MODIS Terra,observed,2000-2014,high,vegetated water modelled from the radar ratio
2001-07-26,2001,1232.7,1179.8,1285.6,135.4,0.0,382.5,1368.1,1115.4,1620.8,2,MODIS Terra,observed,2000-2014,high,vegetated water modelled from the radar ratio
2001-08-11,2001,1229.8,1181.0,1278.6,135.1,0.0,381.6,1364.9,1113.6,1616.2,5,Landsat 7 + MODIS Terra,observed,2000-2014,high,vegetated water modelled from the radar ratio
2001-08-27,2001,1222.9,1184.7,1261.1,134.3,0.0,379.4,1357.2,1109.2,1605.3,5,Landsat 7 + MODIS Terra,observed,2000-2014,high,vegetated water modelled from the radar ratio
2001-09-12,2001,1216.8,1165.4,1268.1,133.7,0.0,377.6,1350.4,1101.2,1599.7,2,MODIS Terra,observed,2000-2014,high,vegetated water modelled from the radar ratio
2001-09-28,2001,1203.9,1150.7,1257.2,132.3,0.0,373.6,1336.2,1089.0,1583.3,2,MODIS Terra,observed,2000-2014,high,vegetated water modelled from the radar ratio
2001-10-14,2001,1167.0,1109.9,1224.0,128.2,0.0,362.1,1295.2,1054.4,1535.9,2,MODIS Terra,observed,2000-2014,high,vegetated water modelled from the radar ratio
2001-10-30,2001,1197.4,1145.6,1249.1,131.5,0.0,371.5,1328.9,1083.4,1574.4,2,MODIS Terra,observed,2000-2014,high,vegetated water modelled from the radar ratio
2001-11-15,2001,1211.4,1172.0,1250.7,133.1,0.0,375.9,1344.4,1098.5,1590.4,5,Landsat 7 + MODIS Terra,observed,2000-2014,high,vegetated water modelled from the radar ratio
2001-12-01,2001,1233.2,1171.1,1295.3,135.5,0.0,382.7,1368.7,1113.8,1623.6,2,MODIS Terra,observed,2000-2014,high,vegetated water modelled from the radar ratio
2001-12-17,2001,1241.5,1182.0,1301.1,136.4,0.0,385.3,1377.9,1122.0,1633.8,3,MODIS Terra,observed,2000-2014,high,vegetated water modelled from the radar ratio
2002-01-02,2002,1251.8,1175.0,1328.6,137.5,0.0,388.5,1389.4,1126.9,1651.8,0,Landsat 7,carried by the model,2000-2014,high,no clear observation in this window; vegetated water modelled from the radar ratio
2002-01-18,2002,1260.5,1196.5,1324.4,138.5,0.0,391.1,1398.9,1138.3,1659.6,2,MODIS Terra,observed,2000-2014,high,vegetated water modelled from the radar ratio
2002-02-03,2002,1267.0,1205.9,1328.2,139.2,0.0,393.2,1406.2,1145.0,1667.5,2,MODIS Terra,observed,2000-2014,high,vegetated water modelled from the radar ratio
2002-02-19,2002,1256.8,1198.2,1315.3,138.1,0.0,390.0,1394.8,1136.2,1653.5,2,MODIS Terra,observed,2000-2014,high,vegetated water modelled from the radar ratio
2002-03-07,2002,1258.7,1182.8,1334.7,138.3,0.0,390.6,1397.0,1133.4,1660.5,0,Landsat 7,carried by the model,2000-2014,high,no clear observation in this window; vegetated water modelled from the radar ratio
2002-03-23,2002,1258.8,1196.5,1321.1,138.3,0.0,390.6,1397.1,1137.2,1657.0,2,MODIS Terra,observed,2000-2014,high,vegetated water modelled from the radar ratio
2002-04-08,2002,1255.4,1201.5,1309.3,137.9,0.0,389.5,1393.3,1136.0,1650.6,2,MODIS Terra,observed,2000-2014,high,vegetated water modelled from the radar ratio
2002-04-24,2002,1257.6,1207.4,1307.9,138.2,0.0,390.2,1395.8,1138.8,1652.8,4,Landsat 7 + MODIS Terra,observed,2000-2014,high,vegetated water modelled from the radar ratio
2002-05-10,2002,1246.6,1195.8,1297.5,137.0,0.0,386.8,1383.6,1128.6,1638.6,2,MODIS Terra,observed,2000-2014,high,vegetated water modelled from the radar ratio
2002-05-26,2002,1229.2,1190.8,1267.5,135.0,0.0,381.4,1364.2,1114.9,1613.5,4,Landsat 7 + MODIS Terra,observed,2000-2014,high,vegetated water modelled from the radar ratio
2002-06-11,2002,1236.5,1185.0,1288.1,135.8,0.0,383.7,1372.4,1119.2,1625.5,2,MODIS Terra,observed,2000-2014,high,vegetated water modelled from the radar ratio
2002-06-27,2002,1240.4,1188.9,1291.8,136.3,0.0,384.9,1376.6,1122.7,1630.5,4,MODIS Terra,observed,2000-2014,high,vegetated water modelled from the radar ratio
2002-07-13,2002,1242.7,1200.7,1284.7,136.5,0.0,385.6,1379.2,1126.6,1631.8,7,Landsat 7 + MODIS Terra,observed,2000-2014,high,vegetated water modelled from the radar ratio
2002-07-29,2002,1244.3,1198.1,1290.6,136.7,0.0,386.1,1381.0,1127.4,1634.7,7,Landsat 7 + MODIS Terra,observed,2000-2014,high,vegetated water modelled from the radar ratio
2002-08-14,2002,1236.8,1185.3,1288.3,135.9,0.0,383.8,1372.7,1119.5,1625.9,4,MODIS Terra,observed,2000-2014,high,vegetated water modelled from the radar ratio
2002-08-30,2002,1242.0,1197.0,1286.9,136.4,0.0,385.4,1378.4,1125.5,1631.3,7,Landsat 7 + MODIS Terra,observed,2000-2014,high,vegetated water modelled from the radar ratio
2002-09-15,2002,1231.8,1180.9,1282.8,135.3,0.0,382.2,1367.2,1115.0,1619.3,4,MODIS Terra,observed,2000-2014,high,vegetated water modelled from the radar ratio
2002-10-01,2002,1234.9,1190.7,1279.1,135.7,0.0,383.2,1370.6,1119.2,1622.0,6,Landsat 7 + MODIS Terra,observed,2000-2014,high,vegetated water modelled from the radar ratio
2002-10-17,2002,1227.0,1175.3,1278.6,134.8,0.0,380.7,1361.8,1110.5,1613.1,4,MODIS Terra,observed,2000-2014,high,vegetated water modelled from the radar ratio
2002-11-02,2002,1219.2,1167.1,1271.3,133.9,0.0,378.3,1353.2,1103.3,1603.0,4,MODIS Terra,observed,2000-2014,high,vegetated water modelled from the radar ratio
2002-11-18,2002,1202.0,1154.4,1249.6,132.1,0.0,373.0,1334.1,1088.5,1579.7,6,Landsat 7 + MODIS Terra,observed,2000-2014,high,vegetated water modelled from the radar ratio
2002-12-04,2002,1231.7,1180.6,1282.8,135.3,0.0,382.2,1367.0,1114.9,1619.1,3,Landsat 7,observed,2000-2014,high,vegetated water modelled from the radar ratio
2002-12-20,2002,1251.2,1191.8,1310.7,137.5,0.0,388.3,1388.7,1130.9,1646.4,4,MODIS Terra,observed,2000-2014,high,vegetated water modelled from the radar ratio
2003-01-05,2003,1252.3,1193.8,1310.9,137.6,0.0,388.6,1389.9,1132.1,1647.7,4,MODIS Terra,observed,2000-2014,high,vegetated water modelled from the radar ratio
2003-01-21,2003,1254.2,1179.0,1329.3,137.8,0.0,389.2,1392.0,1129.5,1654.4,0,Landsat 7,carried by the model,2000-2014,high,no clear observation in this window; vegetated water modelled from the radar ratio
2003-02-06,2003,1255.4,1195.7,1315.1,137.9,0.0,389.6,1393.3,1134.7,1651.9,4,MODIS Terra,observed,2000-2014,high,vegetated water modelled from the radar ratio
2003-02-22,2003,1256.9,1202.4,1311.5,138.1,0.0,390.0,1395.0,1137.2,1652.8,4,MODIS Terra,observed,2000-2014,high,vegetated water modelled from the radar ratio
2003-03-10,2003,1260.7,1205.3,1316.1,138.5,0.0,391.2,1399.2,1140.5,1657.9,4,MODIS Terra,observed,2000-2014,high,vegetated water modelled from the radar ratio
2003-03-26,2003,1259.0,1206.1,1311.8,138.3,0.0,390.7,1397.3,1139.5,1655.1,4,MODIS Terra,observed,2000-2014,high,vegetated water modelled from the radar ratio
2003-04-11,2003,1258.2,1208.4,1308.0,138.2,0.0,390.4,1396.5,1139.4,1653.5,7,Landsat 7 + MODIS Terra,observed,2000-2014,high,vegetated water modelled from the radar ratio
2003-04-27,2003,1262.3,1209.8,1314.8,138.7,0.0,391.7,1401.0,1142.6,1659.4,4,MODIS Terra,observed,2000-2014,high,vegetated water modelled from the radar ratio
2003-05-13,2003,1264.1,1211.2,1317.0,138.9,0.0,392.2,1403.0,1144.1,1661.8,4,MODIS Terra,observed,2000-2014,high,vegetated water modelled from the radar ratio
2003-05-29,2003,1264.9,1211.9,1317.9,139.0,0.0,392.5,1403.9,1144.9,1662.9,4,MODIS Terra,observed,2000-2014,high,vegetated water modelled from the radar ratio
2003-06-14,2003,1267.3,1214.2,1320.4,139.2,0.0,393.2,1406.5,1147.0,1666.0,4,MODIS Terra,observed,2000-2014,high,vegetated water modelled from the radar ratio
2003-06-30,2003,1265.3,1211.7,1319.0,139.0,0.0,392.6,1404.3,1145.1,1663.6,4,MODIS Terra,observed,2000-2014,high,vegetated water modelled from the radar ratio
2003-07-16,2003,1262.6,1209.5,1315.7,138.7,0.0,391.8,1401.3,1142.7,1659.9,4,MODIS Terra,observed,2000-2014,high,vegetated water modelled from the radar ratio
2003-08-01,2003,1263.4,1210.9,1316.0,138.8,0.0,392.0,1402.2,1143.6,1660.9,4,MODIS Terra,observed,2000-2014,high,vegetated water modelled from the radar ratio
2003-08-17,2003,1260.3,1211.5,1309.1,138.5,0.0,391.1,1398.7,1141.5,1656.0,7,Landsat 7 + MODIS Terra,observed,2000-2014,high,vegetated water modelled from the radar ratio
2003-09-02,2003,1247.4,1194.9,1299.9,137.0,0.0,387.1,1384.5,1129.0,1640.0,4,MODIS Terra,observed,2000-2014,high,vegetated water modelled from the radar ratio
2003-09-18,2003,1229.0,1176.1,1281.9,135.0,0.0,381.4,1364.0,1112.1,1616.0,4,MODIS Terra,observed,2000-2014,high,vegetated water modelled from the radar ratio
2003-10-04,2003,1193.6,1140.6,1246.6,131.1,0.0,370.4,1324.7,1079.7,1569.7,4,MODIS Terra,observed,2000-2014,high,vegetated water modelled from the radar ratio
2003-10-20,2003,1214.5,1161.6,1267.5,133.4,0.0,376.9,1348.0,1098.8,1597.1,4,MODIS Terra,observed,2000-2014,high,vegetated water modelled from the radar ratio
2003-11-05,2003,1231.2,1182.7,1279.7,135.3,0.0,382.0,1366.4,1114.9,1618.0,9,Landsat 7 + MODIS Terra,observed,2000-2014,high,vegetated water modelled from the radar ratio
2003-11-21,2003,1241.9,1188.4,1295.4,136.4,0.0,385.4,1378.3,1123.7,1632.9,4,MODIS Terra,observed,2000-2014,high,vegetated water modelled from the radar ratio
2003-12-07,2003,1260.5,1199.5,1321.5,138.5,0.0,391.2,1399.0,1139.0,1658.9,4,MODIS Terra,observed,2000-2014,high,vegetated water modelled from the radar ratio
2003-12-23,2003,1256.8,1199.8,1313.8,138.1,0.0,390.0,1394.9,1136.6,1653.2,4,MODIS Terra,observed,2000-2014,high,vegetated water modelled from the radar ratio
2004-01-08,2004,1272.6,1205.1,1340.1,139.8,0.0,394.9,1412.4,1148.5,1676.3,4,MODIS Terra,observed,2000-2014,high,vegetated water modelled from the radar ratio
2004-01-24,2004,1278.1,1207.8,1348.4,140.4,0.0,396.6,1418.5,1152.8,1684.2,4,MODIS Terra,observed,2000-2014,high,vegetated water modelled from the radar ratio
2004-02-09,2004,1282.5,1211.6,1353.3,140.9,0.0,398.0,1423.3,1156.7,1690.0,4,MODIS Terra,observed,2000-2014,high,vegetated water modelled from the radar ratio
2004-02-25,2004,1282.3,1209.4,1355.2,140.9,0.0,398.0,1423.2,1156.0,1690.4,4,MODIS Terra,observed,2000-2014,high,vegetated water modelled from the radar ratio
2004-03-12,2004,1264.0,1205.2,1322.8,138.9,0.0,392.2,1402.8,1142.7,1662.9,4,MODIS Terra,observed,2000-2014,high,vegetated water modelled from the radar ratio
2004-03-28,2004,1264.9,1209.9,1319.9,139.0,0.0,392.5,1403.9,1144.4,1663.3,4,MODIS Terra,observed,2000-2014,high,vegetated water modelled from the radar ratio
2004-04-13,2004,1266.3,1209.4,1323.2,139.1,0.0,392.9,1405.4,1145.3,1665.6,4,MODIS Terra,observed,2000-2014,high,vegetated water modelled from the radar ratio
2004-04-29,2004,1264.8,1211.2,1318.5,139.0,0.0,392.5,1403.8,1144.7,1662.9,4,MODIS Terra,observed,2000-2014,high,vegetated water modelled from the radar ratio
2004-05-15,2004,1265.2,1212.1,1318.2,139.0,0.0,392.6,1404.1,1145.1,1663.2,4,MODIS Terra,observed,2000-2014,high,vegetated water modelled from the radar ratio
2004-05-31,2004,1264.9,1212.0,1317.8,139.0,0.0,392.5,1403.9,1144.9,1662.8,4,MODIS Terra,observed,2000-2014,high,vegetated water modelled from the radar ratio
2004-06-16,2004,1266.3,1214.8,1317.8,139.1,0.0,392.9,1405.4,1146.4,1664.4,4,MODIS Terra,observed,2000-2014,high,vegetated water modelled from the radar ratio
2004-07-02,2004,1261.5,1220.5,1302.4,138.6,0.0,391.4,1400.0,1143.9,1656.1,7,Landsat 7 + MODIS Terra,observed,2000-2014,high,vegetated water modelled from the radar ratio
2004-07-18,2004,1265.2,1213.7,1316.7,139.0,0.0,392.6,1404.2,1145.5,1663.0,4,MODIS Terra,observed,2000-2014,high,vegetated water modelled from the radar ratio
2004-08-03,2004,1261.1,1208.2,1314.1,138.5,0.0,391.3,1399.7,1141.4,1658.0,4,MODIS Terra,observed,2000-2014,high,vegetated water modelled from the radar ratio
2004-08-19,2004,1257.0,1204.0,1310.0,138.1,0.0,390.1,1395.1,1137.7,1652.6,4,MODIS Terra,observed,2000-2014,high,vegetated water modelled from the radar ratio
2004-09-04,2004,1245.5,1192.3,1298.6,136.8,0.0,386.5,1382.3,1127.1,1637.5,4,MODIS Terra,observed,2000-2014,high,vegetated water modelled from the radar ratio
2004-09-20,2004,1241.3,1191.4,1291.1,136.4,0.0,385.2,1377.6,1123.9,1631.4,7,Landsat 7 + MODIS Terra,observed,2000-2014,high,vegetated water modelled from the radar ratio
2004-10-06,2004,1225.4,1172.6,1278.2,134.6,0.0,380.2,1360.0,1108.8,1611.2,4,MODIS Terra,observed,2000-2014,high,vegetated water modelled from the radar ratio
2004-10-22,2004,1218.0,1166.7,1269.2,133.8,0.0,377.9,1351.8,1102.3,1601.2,6,Landsat 7 + MODIS Terra,observed,2000-2014,high,vegetated water modelled from the radar ratio
2004-11-07,2004,1188.7,1126.4,1251.0,130.6,0.0,368.9,1319.3,1073.0,1565.6,4,MODIS Terra,observed,2000-2014,high,vegetated water modelled from the radar ratio
2004-11-23,2004,1197.9,1104.1,1291.7,131.6,0.0,371.9,1329.5,1071.6,1587.4,0,Landsat 7,carried by the model,2000-2014,high,no clear observation in this window; vegetated water modelled from the radar ratio
2004-12-09,2004,1210.6,1104.5,1316.8,133.0,0.0,375.9,1343.6,1078.6,1608.7,0,Landsat 7,carried by the model,2000-2014,high,no clear observation in this window; vegetated water modelled from the radar ratio
2004-12-25,2004,1226.0,1122.4,1329.6,134.7,0.0,380.6,1360.7,1093.8,1627.6,0,Landsat 7,carried by the model,2000-2014,high,no clear observation in this window; vegetated water modelled from the radar ratio
2005-01-10,2005,1242.3,1156.8,1327.9,136.5,0.0,385.6,1378.8,1115.4,1642.2,4,MODIS Terra,observed,2000-2014,high,vegetated water modelled from the radar ratio
2005-01-26,2005,1249.3,1192.3,1306.3,137.2,0.0,387.7,1386.6,1129.7,1643.4,4,MODIS Terra,observed,2000-2014,high,vegetated water modelled from the radar ratio
2005-02-11,2005,1249.4,1208.6,1290.3,137.3,0.0,387.7,1386.7,1133.0,1640.4,10,Landsat 7 + MODIS Terra,observed,2000-2014,high,vegetated water modelled from the radar ratio
2005-02-27,2005,1255.3,1204.4,1306.3,137.9,0.0,389.5,1393.2,1136.5,1650.0,4,MODIS Terra,observed,2000-2014,high,vegetated water modelled from the radar ratio
2005-03-15,2005,1259.8,1210.9,1308.8,138.4,0.0,390.9,1398.2,1141.0,1655.4,7,Landsat 7 + MODIS Terra,observed,2000-2014,high,vegetated water modelled from the radar ratio
2005-03-31,2005,1259.5,1208.0,1310.9,138.4,0.0,390.8,1397.8,1140.2,1655.5,4,MODIS Terra,observed,2000-2014,high,vegetated water modelled from the radar ratio
2005-04-16,2005,1260.6,1215.4,1305.9,138.5,0.0,391.1,1399.1,1142.4,1655.8,10,Landsat 7 + MODIS Terra,observed,2000-2014,high,vegetated water modelled from the radar ratio
2005-05-02,2005,1259.8,1208.3,1311.2,138.4,0.0,390.9,1398.2,1140.5,1655.9,4,MODIS Terra,observed,2000-2014,high,vegetated water modelled from the radar ratio
2005-05-18,2005,1262.1,1212.9,1311.4,138.7,0.0,391.6,1400.8,1143.1,1658.5,6,Landsat 7 + MODIS Terra,observed,2000-2014,high,vegetated water modelled from the radar ratio
2005-06-03,2005,1264.1,1216.0,1312.1,138.9,0.0,392.2,1402.9,1145.1,1660.8,8,Landsat 7 + MODIS Terra,observed,2000-2014,high,vegetated water modelled from the radar ratio
2005-06-19,2005,1253.6,1201.3,1305.9,137.7,0.0,389.0,1391.3,1134.7,1648.0,4,MODIS Terra,observed,2000-2014,high,vegetated water modelled from the radar ratio
2005-07-05,2005,1249.8,1196.8,1302.7,137.3,0.0,387.8,1387.0,1131.0,1643.1,4,MODIS Terra,observed,2000-2014,high,vegetated water modelled from the radar ratio
2005-07-21,2005,1241.9,1188.9,1294.9,136.4,0.0,385.4,1378.3,1123.8,1632.9,4,MODIS Terra,observed,2000-2014,high,vegetated water modelled from the radar ratio
2005-08-06,2005,1240.9,1188.7,1293.1,136.3,0.0,385.0,1377.2,1123.1,1631.3,4,MODIS Terra,observed,2000-2014,high,vegetated water modelled from the radar ratio
2005-08-22,2005,1236.1,1190.4,1281.8,135.8,0.0,383.5,1371.9,1120.0,1623.9,9,Landsat 7 + MODIS Terra,observed,2000-2014,high,vegetated water modelled from the radar ratio
2005-09-07,2005,1217.8,1166.6,1269.1,133.8,0.0,377.9,1351.6,1102.2,1601.0,4,MODIS Terra,observed,2000-2014,high,vegetated water modelled from the radar ratio
2005-09-23,2005,1213.0,1165.5,1260.6,133.3,0.0,376.4,1346.3,1098.6,1594.0,7,Landsat 7 + MODIS Terra,observed,2000-2014,high,vegetated water modelled from the radar ratio
2005-10-09,2005,1185.4,1133.7,1237.2,130.2,0.0,367.8,1315.7,1072.5,1558.8,4,MODIS Terra,observed,2000-2014,high,vegetated water modelled from the radar ratio
2005-10-25,2005,1165.3,1116.2,1214.4,128.0,0.0,361.6,1293.3,1054.6,1532.0,9,Landsat 7 + MODIS Terra,observed,2000-2014,high,vegetated water modelled from the radar ratio
2005-11-10,2005,1148.1,1109.9,1186.4,126.1,0.0,356.2,1274.3,1041.0,1507.5,10,Landsat 7 + MODIS Terra,observed,2000-2014,high,vegetated water modelled from the radar ratio
2005-11-26,2005,1147.9,1094.2,1201.6,126.1,0.0,356.2,1274.0,1037.7,1510.3,7,Landsat 7 + MODIS Terra,observed,2000-2014,high,vegetated water modelled from the radar ratio
2005-12-12,2005,1164.0,1080.9,1247.1,127.9,0.0,361.3,1291.8,1044.1,1539.6,0,Landsat 7,carried by the model,2000-2014,high,no clear observation in this window; vegetated water modelled from the radar ratio
2005-12-28,2005,1184.0,1097.0,1271.0,130.1,0.0,367.5,1314.1,1061.2,1566.9,0,Landsat 7,carried by the model,2000-2014,high,no clear observation in this window; vegetated water modelled from the radar ratio
2006-01-13,2006,1206.4,1137.5,1275.4,132.5,0.0,374.4,1339.0,1087.5,1590.5,4,MODIS Terra,observed,2000-2014,high,vegetated water modelled from the radar ratio
2006-01-29,2006,1214.2,1136.0,1292.4,133.4,0.0,376.9,1347.6,1091.9,1603.3,0,Landsat 7,carried by the model,2000-2014,high,no clear observation in this window; vegetated water modelled from the radar ratio
2006-02-14,2006,1221.9,1162.6,1281.1,134.2,0.0,379.2,1356.1,1104.1,1608.1,4,MODIS Terra,observed,2000-2014,high,vegetated water modelled from the radar ratio
2006-03-02,2006,1246.3,1182.3,1310.3,136.9,0.0,386.8,1383.2,1125.3,1641.1,4,MODIS Terra,observed,2000-2014,high,vegetated water modelled from the radar ratio
2006-03-18,2006,1259.6,1196.8,1322.4,138.4,0.0,390.9,1398.0,1137.8,1658.2,4,MODIS Terra,observed,2000-2014,high,vegetated water modelled from the radar ratio
2006-04-03,2006,1251.9,1196.1,1307.7,137.5,0.0,388.5,1389.4,1132.3,1646.5,4,MODIS Terra,observed,2000-2014,high,vegetated water modelled from the radar ratio
2006-04-19,2006,1246.2,1193.0,1299.4,136.9,0.0,386.7,1383.1,1127.7,1638.5,4,MODIS Terra,observed,2000-2014,high,vegetated water modelled from the radar ratio
2006-05-05,2006,1243.6,1191.4,1295.9,136.6,0.0,385.9,1380.3,1125.6,1634.9,4,MODIS Terra,observed,2000-2014,high,vegetated water modelled from the radar ratio
2006-05-21,2006,1236.9,1189.4,1284.4,135.9,0.0,383.8,1372.8,1120.4,1625.2,6,Landsat 7 + MODIS Terra,observed,2000-2014,high,vegetated water modelled from the radar ratio
2006-06-06,2006,1219.5,1181.2,1257.7,134.0,0.0,378.4,1353.4,1106.1,1600.8,9,Landsat 7 + MODIS Terra,observed,2000-2014,high,vegetated water modelled from the radar ratio
2006-06-22,2006,1226.1,1175.0,1277.1,134.7,0.0,380.4,1360.8,1109.8,1611.8,4,MODIS Terra,observed,2000-2014,high,vegetated water modelled from the radar ratio
2006-07-08,2006,1230.2,1179.0,1281.3,135.1,0.0,381.7,1365.3,1113.5,1617.1,4,MODIS Terra,observed,2000-2014,high,vegetated water modelled from the radar ratio
2006-07-24,2006,1227.4,1187.3,1267.5,134.8,0.0,380.8,1362.3,1113.0,1611.5,9,Landsat 7 + MODIS Terra,observed,2000-2014,high,vegetated water modelled from the radar ratio
2006-08-09,2006,1228.9,1182.1,1275.8,135.0,0.0,381.3,1363.9,1113.2,1614.6,8,Landsat 7 + MODIS Terra,observed,2000-2014,high,vegetated water modelled from the radar ratio
2006-08-25,2006,1215.8,1168.0,1263.6,133.6,0.0,377.3,1349.4,1101.0,1597.7,7,Landsat 7 + MODIS Terra,observed,2000-2014,high,vegetated water modelled from the radar ratio
2006-09-10,2006,1193.9,1143.4,1244.5,131.2,0.0,370.5,1325.1,1080.5,1569.7,4,MODIS Terra,observed,2000-2014,high,vegetated water modelled from the radar ratio
2006-09-26,2006,1174.6,1136.4,1212.8,129.0,0.0,364.4,1303.6,1065.2,1542.1,9,Landsat 7 + MODIS Terra,observed,2000-2014,high,vegetated water modelled from the radar ratio
2006-10-12,2006,1169.3,1118.7,1219.9,128.5,0.0,362.8,1297.7,1058.0,1537.5,4,MODIS Terra,observed,2000-2014,high,vegetated water modelled from the radar ratio
2006-10-28,2006,1169.7,1120.3,1219.0,128.5,0.0,362.9,1298.2,1058.6,1537.7,8,Landsat 7 + MODIS Terra,observed,2000-2014,high,vegetated water modelled from the radar ratio
2006-11-13,2006,1167.6,1113.5,1221.8,128.3,0.0,362.3,1295.9,1055.7,1536.1,4,MODIS Terra,observed,2000-2014,high,vegetated water modelled from the radar ratio
2006-11-29,2006,1180.3,1115.1,1245.4,129.7,0.0,366.3,1309.9,1064.5,1555.4,4,MODIS Terra,observed,2000-2014,high,vegetated water modelled from the radar ratio
2006-12-15,2006,1176.4,1112.3,1240.6,129.2,0.0,365.1,1305.7,1061.3,1550.1,4,MODIS Terra,observed,2000-2014,high,vegetated water modelled from the radar ratio
2006-12-31,2006,1185.9,1099.9,1271.8,130.3,0.0,368.1,1316.1,1063.3,1569.0,0,Landsat 7,carried by the model,2000-2014,high,no clear observation in this window; vegetated water modelled from the radar ratio
2007-01-16,2007,1197.1,1112.3,1281.9,131.5,0.0,371.6,1328.6,1074.0,1583.2,0,Landsat 7,carried by the model,2000-2014,high,no clear observation in this window; vegetated water modelled from the radar ratio
2007-02-01,2007,1209.0,1149.2,1268.9,132.8,0.0,375.2,1341.8,1092.2,1591.5,4,MODIS Terra,observed,2000-2014,high,vegetated water modelled from the radar ratio
2007-02-17,2007,1220.0,1164.6,1275.4,134.0,0.0,378.6,1354.0,1103.3,1604.8,4,MODIS Terra,observed,2000-2014,high,vegetated water modelled from the radar ratio
2007-03-05,2007,1227.3,1173.7,1280.8,134.8,0.0,380.8,1362.1,1110.3,1613.9,4,MODIS Terra,observed,2000-2014,high,vegetated water modelled from the radar ratio
2007-03-21,2007,1233.8,1180.3,1287.3,135.5,0.0,382.8,1369.3,1116.3,1622.4,4,MODIS Terra,observed,2000-2014,high,vegetated water modelled from the radar ratio
2007-04-06,2007,1243.5,1189.4,1297.6,136.6,0.0,385.9,1380.1,1125.0,1635.1,4,MODIS Terra,observed,2000-2014,high,vegetated water modelled from the radar ratio
2007-04-22,2007,1238.9,1189.3,1288.5,136.1,0.0,384.4,1375.0,1121.8,1628.2,8,Landsat 7 + MODIS Terra,observed,2000-2014,high,vegetated water modelled from the radar ratio
2007-05-08,2007,1234.3,1187.9,1280.8,135.6,0.0,383.0,1369.9,1118.2,1621.6,7,Landsat 7 + MODIS Terra,observed,2000-2014,high,vegetated water modelled from the radar ratio
2007-05-24,2007,1233.5,1182.1,1284.8,135.5,0.0,382.7,1369.0,1116.5,1621.5,4,MODIS Terra,observed,2000-2014,high,vegetated water modelled from the radar ratio
2007-06-09,2007,1228.7,1181.1,1276.2,135.0,0.0,381.2,1363.6,1112.8,1614.4,6,Landsat 7 + MODIS Terra,observed,2000-2014,high,vegetated water modelled from the radar ratio
2007-06-25,2007,1228.7,1176.7,1280.7,135.0,0.0,381.3,1363.7,1112.0,1615.4,4,MODIS Terra,observed,2000-2014,high,vegetated water modelled from the radar ratio
2007-07-11,2007,1230.0,1178.6,1281.4,244.8,124.8,364.8,1474.8,1344.3,1605.3,4,MODIS Terra + ALOS PALSAR,observed,2000-2014,high,"vegetated water radar, measured"
2007-07-27,2007,1227.0,1185.8,1268.3,134.8,0.0,380.7,1361.8,1112.5,1611.2,6,Landsat 7 + MODIS Terra,observed,2000-2014,high,vegetated water modelled from the radar ratio
2007-08-12,2007,1216.8,1179.3,1254.2,133.7,0.0,377.5,1350.4,1103.7,1597.2,9,Landsat 7 + MODIS Terra,observed,2000-2014,high,vegetated water modelled from the radar ratio
2007-08-28,2007,1215.4,1170.0,1260.8,133.5,0.0,377.1,1348.9,1101.1,1596.7,7,Landsat 7 + MODIS Terra,observed,2000-2014,high,vegetated water modelled from the radar ratio
2007-09-13,2007,1204.7,1166.6,1242.9,132.3,0.0,373.8,1337.1,1092.6,1581.5,7,Landsat 7 + MODIS Terra,observed,2000-2014,high,vegetated water modelled from the radar ratio
2007-09-29,2007,1187.6,1137.2,1238.0,130.5,0.0,368.5,1318.1,1074.7,1561.4,4,MODIS Terra,observed,2000-2014,high,vegetated water modelled from the radar ratio
2007-10-15,2007,1176.0,1127.9,1224.1,129.2,0.0,364.9,1305.2,1064.6,1545.8,7,Landsat 7 + MODIS Terra,observed,2000-2014,high,vegetated water modelled from the radar ratio
2007-10-31,2007,1167.8,1115.4,1220.2,128.3,0.0,362.4,1296.1,1056.2,1535.9,4,MODIS Terra,observed,2000-2014,high,vegetated water modelled from the radar ratio
2007-11-16,2007,1181.2,1131.5,1230.8,129.8,0.0,366.5,1310.9,1069.0,1552.8,6,Landsat 7 + MODIS Terra,observed,2000-2014,high,vegetated water modelled from the radar ratio
2007-12-02,2007,1196.7,1133.5,1259.9,131.5,0.0,371.4,1328.2,1080.1,1576.3,4,MODIS Terra,observed,2000-2014,high,vegetated water modelled from the radar ratio
2007-12-18,2007,1201.9,1115.5,1288.4,132.0,0.0,373.1,1334.0,1077.9,1590.1,0,Landsat 7,carried by the model,2000-2014,high,no clear observation in this window; vegetated water modelled from the radar ratio
2008-01-03,2008,1208.8,1121.9,1295.7,132.8,0.0,375.2,1341.6,1084.1,1599.1,0,Landsat 7,carried by the model,2000-2014,high,no clear observation in this window; vegetated water modelled from the radar ratio
2008-01-19,2008,1216.6,1151.6,1281.7,133.7,0.0,377.6,1350.3,1097.9,1602.7,4,MODIS Terra,observed,2000-2014,high,vegetated water modelled from the radar ratio
2008-02-04,2008,1230.8,1175.6,1286.0,135.2,0.0,381.9,1366.0,1113.2,1618.8,4,MODIS Terra,observed,2000-2014,high,vegetated water modelled from the radar ratio
2008-02-20,2008,1244.0,1187.1,1301.0,136.7,0.0,386.0,1380.7,1124.9,1636.5,4,MODIS Terra,observed,2000-2014,high,vegetated water modelled from the radar ratio
2008-03-07,2008,1246.4,1192.8,1300.1,136.9,0.0,386.8,1383.4,1127.8,1638.9,4,MODIS Terra,observed,2000-2014,high,vegetated water modelled from the radar ratio
2008-03-23,2008,1256.2,1206.2,1306.3,138.0,0.0,389.8,1394.2,1137.5,1651.0,10,Landsat 7 + MODIS Terra,observed,2000-2014,high,vegetated water modelled from the radar ratio
2008-04-08,2008,1254.2,1202.2,1306.3,137.8,0.0,389.2,1392.0,1135.3,1648.7,4,MODIS Terra,observed,2000-2014,high,vegetated water modelled from the radar ratio
2008-04-24,2008,1258.1,1208.7,1307.6,138.2,0.0,390.4,1396.4,1139.4,1653.3,6,Landsat 7 + MODIS Terra,observed,2000-2014,high,vegetated water modelled from the radar ratio
2008-05-10,2008,1258.7,1206.1,1311.2,138.3,0.0,390.6,1396.9,1139.2,1654.6,4,MODIS Terra,observed,2000-2014,high,vegetated water modelled from the radar ratio
2008-05-26,2008,1255.5,1202.6,1308.5,318.3,162.3,474.3,1573.8,1409.1,1738.5,4,MODIS Terra + ALOS PALSAR,observed,2000-2014,high,"vegetated water radar, measured"
2008-06-11,2008,1253.5,1200.6,1306.5,318.3,162.3,474.3,1571.8,1407.1,1736.6,4,MODIS Terra + ALOS PALSAR,observed,2000-2014,high,"vegetated water radar, measured"
2008-06-27,2008,1255.6,1202.6,1308.6,137.9,0.0,389.6,1393.5,1136.3,1650.7,4,MODIS Terra,observed,2000-2014,high,vegetated water modelled from the radar ratio
2008-07-13,2008,1251.8,1199.2,1304.3,137.5,0.0,388.4,1389.3,1132.9,1645.6,4,MODIS Terra,observed,2000-2014,high,vegetated water modelled from the radar ratio
2008-07-29,2008,1241.6,1191.8,1291.3,136.4,0.0,385.3,1378.0,1124.2,1631.7,8,Landsat 7 + MODIS Terra,observed,2000-2014,high,vegetated water modelled from the radar ratio
2008-08-14,2008,1231.3,1191.7,1270.9,135.3,0.0,382.0,1366.5,1116.6,1616.5,9,Landsat 7 + MODIS Terra,observed,2000-2014,high,vegetated water modelled from the radar ratio
2008-08-30,2008,1216.3,1177.1,1255.6,133.6,0.0,377.4,1349.9,1103.0,1596.9,10,Landsat 7 + MODIS Terra,observed,2000-2014,high,vegetated water modelled from the radar ratio
2008-09-15,2008,1223.6,1174.0,1273.2,134.4,0.0,379.7,1358.0,1107.8,1608.2,4,MODIS Terra,observed,2000-2014,high,vegetated water modelled from the radar ratio
2008-10-01,2008,1215.2,1177.0,1253.4,133.5,0.0,377.0,1348.7,1102.2,1595.2,10,Landsat 7 + MODIS Terra,observed,2000-2014,high,vegetated water modelled from the radar ratio
2008-10-17,2008,1213.4,1166.6,1260.2,133.3,0.0,376.5,1346.7,1099.0,1594.3,6,Landsat 7 + MODIS Terra,observed,2000-2014,high,vegetated water modelled from the radar ratio
2008-11-02,2008,1210.6,1161.4,1259.7,133.0,0.0,375.6,1343.5,1096.0,1591.1,7,Landsat 7 + MODIS Terra,observed,2000-2014,high,vegetated water modelled from the radar ratio
2008-11-18,2008,1203.7,1146.4,1260.9,132.2,0.0,373.5,1335.9,1087.9,1583.9,4,MODIS Terra,observed,2000-2014,high,vegetated water modelled from the radar ratio
2008-12-04,2008,1178.7,1118.7,1238.6,129.5,0.0,365.8,1308.2,1064.4,1551.9,4,MODIS Terra,observed,2000-2014,high,vegetated water modelled from the radar ratio
2008-12-20,2008,1199.7,1144.1,1255.4,131.8,0.0,372.3,1331.5,1084.7,1578.4,4,MODIS Terra,observed,2000-2014,high,vegetated water modelled from the radar ratio
2009-01-05,2009,1219.9,1158.4,1281.4,134.0,0.0,378.6,1353.9,1101.7,1606.1,4,MODIS Terra,observed,2000-2014,high,vegetated water modelled from the radar ratio
2009-01-21,2009,1224.9,1168.4,1281.4,134.6,0.0,380.1,1359.5,1107.5,1611.4,4,MODIS Terra,observed,2000-2014,high,vegetated water modelled from the radar ratio
2009-02-06,2009,1237.4,1179.4,1295.3,135.9,0.0,384.0,1373.3,1118.6,1628.0,4,MODIS Terra,observed,2000-2014,high,vegetated water modelled from the radar ratio
2009-02-22,2009,1249.4,1192.2,1306.6,137.3,0.0,387.7,1386.6,1129.7,1643.5,4,MODIS Terra,observed,2000-2014,high,vegetated water modelled from the radar ratio
2009-03-10,2009,1265.7,1204.5,1326.8,139.0,0.0,392.7,1404.7,1143.7,1665.7,4,MODIS Terra,observed,2000-2014,high,vegetated water modelled from the radar ratio
2009-03-26,2009,1255.8,1201.8,1309.9,138.0,0.0,389.7,1393.8,1136.3,1651.2,4,MODIS Terra,observed,2000-2014,high,vegetated water modelled from the radar ratio
2009-04-11,2009,1258.3,1205.6,1311.0,138.2,0.0,390.4,1396.5,1138.9,1654.2,4,MODIS Terra,observed,2000-2014,high,vegetated water modelled from the radar ratio
2009-04-27,2009,1261.7,1211.7,1311.7,138.6,0.0,391.5,1400.3,1142.5,1658.0,9,Landsat 7 + MODIS Terra,observed,2000-2014,high,vegetated water modelled from the radar ratio
2009-05-13,2009,1256.5,1204.1,1309.0,138.0,0.0,389.9,1394.6,1137.3,1651.8,4,MODIS Terra,observed,2000-2014,high,vegetated water modelled from the radar ratio
2009-05-29,2009,1253.7,1201.4,1306.0,137.7,0.0,389.0,1391.4,1134.7,1648.1,4,MODIS Terra,observed,2000-2014,high,vegetated water modelled from the radar ratio
2009-06-14,2009,1241.8,1193.6,1290.1,136.4,0.0,385.3,1378.3,1124.7,1631.8,8,Landsat 7 + MODIS Terra,observed,2000-2014,high,vegetated water modelled from the radar ratio
2009-06-30,2009,1251.2,1199.4,1303.0,137.5,0.0,388.2,1388.7,1132.6,1644.8,4,MODIS Terra,observed,2000-2014,high,vegetated water modelled from the radar ratio
2009-07-16,2009,1254.0,1206.2,1301.8,229.8,117.2,342.4,1483.8,1361.5,1606.1,6,Landsat 7 + MODIS Terra + ALOS PALSAR,observed,2000-2014,high,"vegetated water radar, measured"
2009-08-01,2009,1257.8,1207.5,1308.1,138.2,0.0,390.3,1396.0,1138.9,1653.0,6,Landsat 7 + MODIS Terra,observed,2000-2014,high,vegetated water modelled from the radar ratio
2009-08-17,2009,1241.4,1188.6,1294.1,136.4,0.0,385.2,1377.7,1123.4,1632.1,4,MODIS Terra,observed,2000-2014,high,vegetated water modelled from the radar ratio
2009-09-02,2009,1221.2,1167.6,1274.9,134.2,0.0,378.9,1355.4,1104.8,1606.0,4,MODIS Terra,observed,2000-2014,high,vegetated water modelled from the radar ratio
2009-09-18,2009,1198.7,1145.3,1252.0,131.7,0.0,371.9,1330.3,1084.2,1576.5,4,MODIS Terra,observed,2000-2014,high,vegetated water modelled from the radar ratio
2009-10-04,2009,1187.3,1134.2,1240.4,130.4,0.0,368.4,1317.7,1073.9,1561.6,4,MODIS Terra,observed,2000-2014,high,vegetated water modelled from the radar ratio
2009-10-20,2009,1189.3,1136.1,1242.5,130.7,0.0,369.0,1320.0,1075.7,1564.2,4,MODIS Terra,observed,2000-2014,high,vegetated water modelled from the radar ratio
2009-11-05,2009,1173.6,1118.4,1228.8,128.9,0.0,364.2,1302.5,1060.9,1544.2,4,MODIS Terra,observed,2000-2014,high,vegetated water modelled from the radar ratio
2009-11-21,2009,1193.3,1139.9,1246.8,131.1,0.0,370.3,1324.4,1079.3,1569.5,4,MODIS Terra,observed,2000-2014,high,vegetated water modelled from the radar ratio
2009-12-07,2009,1196.7,1143.2,1250.3,131.5,0.0,371.4,1328.2,1082.4,1574.0,4,MODIS Terra,observed,2000-2014,high,vegetated water modelled from the radar ratio
2009-12-23,2009,1197.6,1140.1,1255.2,131.6,0.0,371.6,1329.2,1082.3,1576.1,4,MODIS Terra,observed,2000-2014,high,vegetated water modelled from the radar ratio
2010-01-08,2010,1200.4,1144.6,1256.2,131.9,0.0,372.5,1332.3,1085.3,1579.3,4,MODIS Terra,observed,2000-2014,high,vegetated water modelled from the radar ratio
2010-01-24,2010,1219.2,1155.0,1283.3,133.9,0.0,378.3,1353.1,1100.4,1605.8,4,MODIS Terra,observed,2000-2014,high,vegetated water modelled from the radar ratio
2010-02-09,2010,1236.9,1155.6,1318.2,135.9,0.0,383.9,1372.8,1111.8,1633.8,0,Landsat 7,carried by the model,2000-2014,high,no clear observation in this window; vegetated water modelled from the radar ratio
2010-02-25,2010,1253.2,1180.5,1325.8,137.7,0.0,388.9,1390.9,1129.3,1652.4,4,MODIS Terra,observed,2000-2014,high,vegetated water modelled from the radar ratio
2010-03-13,2010,1254.5,1185.1,1323.9,137.8,0.0,389.3,1392.3,1131.4,1653.2,4,MODIS Terra,observed,2000-2014,high,vegetated water modelled from the radar ratio
2010-03-29,2010,1243.5,1179.5,1307.5,136.6,0.0,385.9,1380.2,1122.8,1637.5,4,MODIS Terra,observed,2000-2014,high,vegetated water modelled from the radar ratio
2010-04-14,2010,1223.0,1167.8,1278.1,134.4,0.0,379.5,1357.3,1106.1,1608.6,4,MODIS Terra,observed,2000-2014,high,vegetated water modelled from the radar ratio
2010-04-30,2010,1223.1,1170.0,1276.2,134.4,0.0,379.5,1357.5,1106.6,1608.3,4,MODIS Terra,observed,2000-2014,high,vegetated water modelled from the radar ratio
2010-05-16,2010,1220.6,1167.6,1273.5,134.1,0.0,378.7,1354.7,1104.3,1605.0,4,MODIS Terra,observed,2000-2014,high,vegetated water modelled from the radar ratio
2010-06-01,2010,1220.7,1167.2,1274.1,134.1,0.0,378.8,1354.8,1104.3,1605.2,4,MODIS Terra,observed,2000-2014,high,vegetated water modelled from the radar ratio
2010-06-17,2010,1227.4,1170.1,1284.8,134.8,0.0,380.9,1362.3,1109.7,1614.9,4,MODIS Terra,observed,2000-2014,high,vegetated water modelled from the radar ratio
2010-07-03,2010,1222.2,1168.8,1275.7,134.3,0.0,379.3,1356.5,1105.8,1607.3,4,MODIS Terra,observed,2000-2014,high,vegetated water modelled from the radar ratio
2010-07-19,2010,1220.8,1168.0,1273.7,359.4,183.3,535.5,1580.2,1396.4,1764.1,4,MODIS Terra + ALOS PALSAR,observed,2000-2014,high,"vegetated water radar, measured"
2010-08-04,2010,1217.2,1165.1,1269.4,133.7,0.0,377.7,1351.0,1101.5,1600.5,4,MODIS Terra,observed,2000-2014,high,vegetated water modelled from the radar ratio
2010-08-20,2010,1215.0,1167.5,1262.5,133.5,0.0,377.0,1348.5,1100.4,1596.6,6,Landsat 7 + MODIS Terra,observed,2000-2014,high,vegetated water modelled from the radar ratio
2010-09-05,2010,1196.1,1143.9,1248.2,131.4,0.0,371.1,1327.5,1082.1,1572.8,4,MODIS Terra,observed,2000-2014,high,vegetated water modelled from the radar ratio
2010-09-21,2010,1174.3,1121.7,1226.9,129.0,0.0,364.4,1303.3,1062.1,1544.4,4,MODIS Terra,observed,2000-2014,high,vegetated water modelled from the radar ratio
2010-10-07,2010,1145.4,1092.7,1198.1,125.8,0.0,355.4,1271.2,1035.7,1506.8,4,MODIS Terra,observed,2000-2014,high,vegetated water modelled from the radar ratio
2010-10-23,2010,1147.1,1094.4,1199.9,126.0,0.0,356.0,1273.2,1037.2,1509.1,4,MODIS Terra,observed,2000-2014,high,vegetated water modelled from the radar ratio
2010-11-08,2010,1152.0,1099.1,1204.8,126.6,0.0,357.5,1278.5,1041.6,1515.4,4,MODIS Terra,observed,2000-2014,high,vegetated water modelled from the radar ratio
2010-11-24,2010,1159.6,1107.5,1211.6,127.4,0.0,359.8,1287.0,1048.8,1525.1,4,MODIS Terra,observed,2000-2014,high,vegetated water modelled from the radar ratio
2010-12-10,2010,1165.9,1123.3,1208.4,128.1,0.0,361.7,1293.9,1056.4,1531.5,7,Landsat 7 + MODIS Terra,observed,2000-2014,high,vegetated water modelled from the radar ratio
2010-12-26,2010,1161.7,1103.6,1219.8,127.6,0.0,360.5,1289.4,1049.3,1529.4,6,MODIS Terra,observed,2000-2014,high,vegetated water modelled from the radar ratio
2011-01-11,2011,1172.7,1109.4,1235.9,128.8,0.0,363.9,1301.5,1058.1,1544.9,4,MODIS Terra,observed,2000-2014,high,vegetated water modelled from the radar ratio
2011-01-27,2011,1178.1,1116.2,1240.0,129.4,0.0,365.6,1307.5,1063.3,1551.6,4,MODIS Terra,observed,2000-2014,high,vegetated water modelled from the radar ratio
2011-02-12,2011,1188.1,1128.6,1247.7,130.5,0.0,368.7,1318.7,1073.2,1564.2,4,MODIS Terra,observed,2000-2014,high,vegetated water modelled from the radar ratio
2011-02-28,2011,1207.2,1136.8,1277.6,132.6,0.0,374.7,1339.8,1087.8,1591.9,4,MODIS Terra,observed,2000-2014,high,vegetated water modelled from the radar ratio
2011-03-16,2011,1202.5,1141.3,1263.7,132.1,0.0,373.2,1334.6,1085.9,1583.3,4,MODIS Terra,observed,2000-2014,high,vegetated water modelled from the radar ratio
2011-04-01,2011,1197.9,1143.6,1252.3,131.6,0.0,371.7,1329.5,1083.3,1575.7,4,MODIS Terra,observed,2000-2014,high,vegetated water modelled from the radar ratio
2011-04-17,2011,1200.5,1147.6,1253.5,131.9,0.0,372.5,1332.4,1086.0,1578.8,4,MODIS Terra,observed,2000-2014,high,vegetated water modelled from the radar ratio
2011-05-03,2011,1203.0,1150.1,1255.9,132.2,0.0,373.3,1335.2,1088.3,1582.0,4,MODIS Terra,observed,2000-2014,high,vegetated water modelled from the radar ratio
2011-05-19,2011,1203.2,1150.5,1255.9,132.2,0.0,373.4,1335.4,1088.5,1582.3,4,MODIS Terra,observed,2000-2014,high,vegetated water modelled from the radar ratio
2011-06-04,2011,1209.0,1156.6,1261.5,132.8,0.0,375.2,1341.9,1093.9,1589.8,4,MODIS Terra,observed,2000-2014,high,vegetated water modelled from the radar ratio
2011-06-20,2011,1216.5,1166.8,1266.2,133.6,0.0,377.5,1350.1,1101.3,1599.0,7,Landsat 7 + MODIS Terra,observed,2000-2014,high,vegetated water modelled from the radar ratio
2011-07-06,2011,1213.6,1166.7,1260.5,133.3,0.0,376.6,1346.9,1099.2,1594.7,7,Landsat 7 + MODIS Terra,observed,2000-2014,high,vegetated water modelled from the radar ratio
2011-07-22,2011,1204.9,1154.8,1254.9,132.4,0.0,373.9,1337.2,1090.6,1583.8,6,Landsat 7 + MODIS Terra,observed,2000-2014,high,vegetated water modelled from the radar ratio
2011-08-07,2011,1193.4,1144.2,1242.5,131.1,0.0,370.3,1324.5,1080.3,1568.6,6,Landsat 7 + MODIS Terra,observed,2000-2014,high,vegetated water modelled from the radar ratio
2011-08-23,2011,1190.2,1143.8,1236.6,130.8,0.0,369.3,1320.9,1077.9,1564.0,6,Landsat 7 + MODIS Terra,observed,2000-2014,high,vegetated water modelled from the radar ratio
2011-09-08,2011,1174.7,1128.6,1220.8,129.0,0.0,364.5,1303.7,1063.8,1543.6,6,Landsat 7 + MODIS Terra,observed,2000-2014,high,vegetated water modelled from the radar ratio
2011-09-24,2011,1145.6,1099.5,1191.7,125.9,0.0,355.5,1271.4,1037.2,1505.6,6,Landsat 7 + MODIS Terra,observed,2000-2014,high,vegetated water modelled from the radar ratio
2011-10-10,2011,1123.1,1083.2,1162.9,123.4,0.0,348.5,1246.4,1017.9,1475.0,7,Landsat 7 + MODIS Terra,observed,2000-2014,high,vegetated water modelled from the radar ratio
2011-10-26,2011,1113.7,1062.6,1164.9,122.4,0.0,345.6,1236.1,1007.1,1465.1,4,MODIS Terra,observed,2000-2014,high,vegetated water modelled from the radar ratio
2011-11-11,2011,1109.3,1056.9,1161.8,121.9,0.0,344.2,1231.2,1002.7,1459.7,4,MODIS Terra,observed,2000-2014,high,vegetated water modelled from the radar ratio
2011-11-27,2011,1103.5,1050.6,1156.5,121.2,0.0,342.4,1224.8,997.3,1452.2,4,MODIS Terra,observed,2000-2014,high,vegetated water modelled from the radar ratio
2011-12-13,2011,1096.5,1040.6,1152.5,120.5,0.0,340.3,1217.0,990.2,1443.8,4,MODIS Terra,observed,2000-2014,high,vegetated water modelled from the radar ratio
2011-12-29,2011,1104.0,1029.3,1178.8,84.1,42.9,125.3,1188.1,1102.8,1273.5,0,ALOS PALSAR,carried by the model,2000-2014,high,"no clear observation in this window; vegetated water radar, measured"
2012-01-14,2012,1115.1,1054.2,1176.1,122.5,0.0,346.1,1237.6,1005.9,1469.3,4,MODIS Terra,observed,2000-2014,high,vegetated water modelled from the radar ratio
2012-01-30,2012,1113.9,1058.4,1169.5,122.4,0.0,345.7,1236.3,1006.2,1466.4,4,MODIS Terra,observed,2000-2014,high,vegetated water modelled from the radar ratio
2012-02-15,2012,1119.8,1065.9,1173.6,261.6,133.4,389.8,1381.4,1242.3,1520.4,4,MODIS Terra + ALOS PALSAR,observed,2000-2014,high,"vegetated water radar, measured"
2012-03-02,2012,1121.5,1068.6,1174.3,123.2,0.0,348.0,1244.7,1013.7,1475.6,4,MODIS Terra,observed,2000-2014,high,vegetated water modelled from the radar ratio
2012-03-18,2012,1129.6,1075.9,1183.4,124.1,0.0,350.5,1253.7,1021.0,1486.4,4,MODIS Terra,observed,2000-2014,high,vegetated water modelled from the radar ratio
2012-04-03,2012,1143.5,1090.8,1196.2,125.6,0.0,354.8,1269.2,1034.0,1504.4,4,MODIS Terra,observed,2000-2014,high,vegetated water modelled from the radar ratio
2012-04-19,2012,1155.5,1103.3,1207.8,126.9,0.0,358.6,1282.5,1045.0,1519.9,4,MODIS Terra,observed,2000-2014,high,vegetated water modelled from the radar ratio
2012-05-05,2012,1158.0,1108.0,1208.0,127.2,0.0,359.3,1285.2,1047.8,1522.7,7,Landsat 7 + MODIS Terra,observed,2000-2014,high,vegetated water modelled from the radar ratio
2012-05-21,2012,1147.3,1098.0,1196.6,126.0,0.0,356.0,1273.3,1038.2,1508.5,7,Landsat 7 + MODIS Terra,observed,2000-2014,high,vegetated water modelled from the radar ratio
2012-06-06,2012,1142.5,1090.4,1194.7,125.5,0.0,354.5,1268.1,1033.2,1502.9,4,MODIS Terra,observed,2000-2014,high,vegetated water modelled from the radar ratio
2012-06-22,2012,1130.9,1078.4,1183.4,124.2,0.0,350.9,1255.1,1022.4,1487.8,4,MODIS Terra,observed,2000-2014,high,vegetated water modelled from the radar ratio
2012-07-08,2012,1125.6,1073.1,1178.2,123.7,0.0,349.3,1249.3,1017.6,1481.0,4,MODIS Terra,observed,2000-2014,high,vegetated water modelled from the radar ratio
2012-07-24,2012,1112.7,1060.3,1165.2,122.2,0.0,345.3,1235.0,1005.9,1464.1,4,MODIS Terra,observed,2000-2014,high,vegetated water modelled from the radar ratio
2012-08-09,2012,1092.8,1040.5,1145.1,120.1,0.0,339.1,1212.9,987.6,1438.1,4,MODIS Terra,observed,2000-2014,high,vegetated water modelled from the radar ratio
2012-08-25,2012,1061.3,1009.4,1113.1,116.6,0.0,329.3,1177.8,958.9,1396.8,4,MODIS Terra,observed,2000-2014,high,vegetated water modelled from the radar ratio
2012-09-10,2012,1046.7,1000.0,1093.4,115.0,0.0,324.8,1161.7,946.7,1376.6,7,Landsat 7 + MODIS Terra,observed,2000-2014,high,vegetated water modelled from the radar ratio
2012-09-26,2012,1002.8,951.4,1054.1,110.2,0.0,311.2,1112.9,905.4,1320.4,4,MODIS Terra,observed,2000-2014,high,vegetated water modelled from the radar ratio
2012-10-12,2012,969.6,917.7,1021.5,106.5,0.0,300.9,1076.1,874.9,1277.3,4,MODIS Terra,observed,2000-2014,high,vegetated water modelled from the radar ratio
2012-10-28,2012,940.1,888.6,991.6,103.3,0.0,291.7,1043.4,848.0,1238.8,4,MODIS Terra,observed,2000-2014,high,vegetated water modelled from the radar ratio
2012-11-13,2012,924.8,876.4,973.1,101.6,0.0,287.0,1026.4,834.8,1218.0,6,Landsat 7 + MODIS Terra,observed,2000-2014,high,vegetated water modelled from the radar ratio
2012-11-29,2012,939.2,888.1,990.3,103.2,0.0,291.5,1042.4,847.3,1237.5,7,Landsat 7 + MODIS Terra,observed,2000-2014,high,vegetated water modelled from the radar ratio
2012-12-15,2012,939.8,880.0,999.7,103.2,0.0,291.7,1043.0,845.3,1240.8,4,MODIS Terra,observed,2000-2014,high,vegetated water modelled from the radar ratio
2012-12-31,2012,1005.8,933.9,1077.6,110.5,0.0,312.2,1116.2,902.1,1330.4,4,MODIS Terra,observed,2000-2014,high,vegetated water modelled from the radar ratio
2013-01-16,2013,1068.3,978.3,1158.3,117.4,0.0,331.7,1185.7,953.2,1418.1,0,Landsat 7,carried by the model,2000-2014,high,no clear observation in this window; vegetated water modelled from the radar ratio
2013-02-01,2013,1134.3,1046.5,1222.1,124.6,0.0,352.1,1258.9,1015.1,1502.7,0,Landsat 7,carried by the model,2000-2014,high,no clear observation in this window; vegetated water modelled from the radar ratio
2013-02-17,2013,1197.7,1134.0,1261.5,131.6,0.0,371.7,1329.3,1080.9,1577.7,4,MODIS Terra,observed,2000-2014,high,vegetated water modelled from the radar ratio
2013-03-05,2013,1223.3,1165.5,1281.1,134.4,0.0,379.6,1357.7,1105.8,1609.7,4,MODIS Terra,observed,2000-2014,high,vegetated water modelled from the radar ratio
2013-03-21,2013,1228.1,1180.7,1275.6,134.9,0.0,381.1,1363.0,1112.4,1613.7,9,Landsat 8 + MODIS Terra,observed,2000-2014,high,vegetated water modelled from the radar ratio
2013-04-06,2013,1234.0,1182.7,1285.2,135.6,0.0,382.9,1369.6,1117.0,1622.1,4,MODIS Terra,observed,2000-2014,high,vegetated water modelled from the radar ratio
2013-04-22,2013,1223.2,1177.9,1268.5,134.4,0.0,379.5,1357.6,1108.3,1606.9,8,Landsat 8 + MODIS Terra,observed,2000-2014,high,vegetated water modelled from the radar ratio
2013-05-08,2013,1192.1,1149.0,1235.2,131.0,0.0,369.9,1323.1,1080.3,1565.9,9,Landsat 8 + MODIS Terra,observed,2000-2014,high,vegetated water modelled from the radar ratio
2013-05-24,2013,1191.5,1141.2,1241.8,130.9,0.0,369.7,1322.4,1078.3,1566.5,4,MODIS Terra,observed,2000-2014,high,vegetated water modelled from the radar ratio
2013-06-09,2013,1181.2,1139.4,1223.0,129.8,0.0,366.5,1311.0,1070.6,1551.4,9,Landsat 8 + MODIS Terra,observed,2000-2014,high,vegetated water modelled from the radar ratio
2013-06-25,2013,1168.0,1130.5,1205.6,128.3,0.0,362.4,1296.3,1059.3,1533.4,10,Landsat 8 + MODIS Terra,observed,2000-2014,high,vegetated water modelled from the radar ratio
2013-07-11,2013,1168.7,1117.9,1219.5,128.4,0.0,362.6,1297.1,1057.4,1536.8,4,MODIS Terra,observed,2000-2014,high,vegetated water modelled from the radar ratio
2013-07-27,2013,1163.9,1112.4,1215.3,127.9,0.0,361.1,1291.7,1052.8,1530.6,4,MODIS Terra,observed,2000-2014,high,vegetated water modelled from the radar ratio
2013-08-12,2013,1156.2,1112.2,1200.2,127.0,0.0,358.7,1283.2,1047.3,1519.1,10,Landsat 8 + MODIS Terra,observed,2000-2014,high,vegetated water modelled from the radar ratio
2013-08-28,2013,1124.1,1086.5,1161.7,123.5,0.0,348.8,1247.6,1019.2,1476.0,9,Landsat 8 + MODIS Terra,observed,2000-2014,high,vegetated water modelled from the radar ratio
2013-09-13,2013,1088.5,1039.1,1137.9,119.6,0.0,337.8,1208.0,984.3,1431.8,4,MODIS Terra,observed,2000-2014,high,vegetated water modelled from the radar ratio
2013-09-29,2013,1085.3,1044.2,1126.3,119.2,0.0,336.7,1204.5,983.1,1425.9,10,Landsat 8 + MODIS Terra,observed,2000-2014,high,vegetated water modelled from the radar ratio
2013-10-15,2013,1067.1,1017.7,1116.4,117.2,0.0,331.1,1184.3,964.8,1403.8,4,MODIS Terra,observed,2000-2014,high,vegetated water modelled from the radar ratio
2013-10-31,2013,1050.6,1013.4,1087.8,115.4,0.0,326.0,1166.0,952.2,1379.8,10,Landsat 8 + MODIS Terra,observed,2000-2014,high,vegetated water modelled from the radar ratio
2013-11-16,2013,1021.7,975.3,1068.1,112.2,0.0,317.0,1133.9,924.0,1343.9,10,Landsat 8 + MODIS Terra,observed,2000-2014,high,vegetated water modelled from the radar ratio
2013-12-02,2013,972.1,929.9,1014.2,106.8,0.0,301.6,1078.8,879.5,1278.2,9,Landsat 8 + MODIS Terra,observed,2000-2014,high,vegetated water modelled from the radar ratio
2013-12-18,2013,992.0,938.4,1045.6,109.0,0.0,307.9,1101.0,895.0,1307.0,6,MODIS Terra,observed,2000-2014,high,vegetated water modelled from the radar ratio
2014-01-03,2014,1025.9,969.9,1081.8,112.7,0.0,318.4,1138.6,925.4,1351.7,4,MODIS Terra,observed,2000-2014,high,vegetated water modelled from the radar ratio
2014-01-19,2014,1065.9,1000.7,1131.2,117.1,0.0,330.8,1183.1,959.6,1406.5,4,MODIS Terra,observed,2000-2014,high,vegetated water modelled from the radar ratio
2014-02-04,2014,1099.1,1024.7,1173.5,120.7,0.0,341.1,1219.8,987.2,1452.4,4,MODIS Terra,observed,2000-2014,high,vegetated water modelled from the radar ratio
2014-02-20,2014,1118.5,1053.9,1183.1,122.9,0.0,347.1,1241.4,1008.0,1474.8,4,MODIS Terra,observed,2000-2014,high,vegetated water modelled from the radar ratio
2014-03-08,2014,1136.6,1079.2,1194.1,124.9,0.0,352.7,1261.5,1026.5,1496.5,4,MODIS Terra,observed,2000-2014,high,vegetated water modelled from the radar ratio
2014-03-24,2014,1142.4,1089.6,1195.2,125.5,0.0,354.5,1267.9,1032.9,1502.9,9,Landsat 8 + MODIS Terra,observed,2000-2014,high,vegetated water modelled from the radar ratio
2014-04-09,2014,1127.7,1076.5,1178.8,123.9,0.0,349.9,1251.5,1019.8,1483.3,4,MODIS Terra,observed,2000-2014,high,vegetated water modelled from the radar ratio
2014-04-25,2014,1094.5,1053.6,1135.4,120.2,0.0,339.6,1214.7,991.6,1437.9,10,Landsat 8 + MODIS Terra,observed,2000-2014,high,vegetated water modelled from the radar ratio
2014-05-11,2014,1098.1,1053.0,1143.1,120.6,0.0,340.7,1218.7,994.1,1443.4,8,Landsat 8 + MODIS Terra,observed,2000-2014,high,vegetated water modelled from the radar ratio
2014-05-27,2014,1046.8,1004.4,1089.3,115.0,0.0,324.8,1161.8,947.8,1375.9,9,Landsat 8 + MODIS Terra,observed,2000-2014,high,vegetated water modelled from the radar ratio
2014-06-12,2014,1071.1,1026.8,1115.5,117.7,0.0,332.4,1188.8,969.6,1408.1,8,Landsat 8 + MODIS Terra,observed,2000-2014,high,vegetated water modelled from the radar ratio
2014-06-28,2014,1071.9,1033.3,1110.5,117.8,0.0,332.6,1189.7,971.4,1407.9,9,Landsat 8 + MODIS Terra,observed,2000-2014,high,vegetated water modelled from the radar ratio
2014-07-14,2014,1082.8,1033.2,1132.3,118.9,0.0,336.0,1201.7,979.1,1424.3,4,MODIS Terra,observed,2000-2014,high,vegetated water modelled from the radar ratio
2014-07-30,2014,1072.5,1031.5,1113.4,117.8,0.0,332.8,1190.3,971.5,1409.1,10,Landsat 8 + MODIS Terra,observed,2000-2014,high,vegetated water modelled from the radar ratio
2014-08-15,2014,1063.8,1026.3,1101.2,116.9,0.0,330.1,1180.6,964.1,1397.1,10,Landsat 8 + MODIS Terra,observed,2000-2014,high,vegetated water modelled from the radar ratio
2014-08-31,2014,1059.8,1010.9,1108.8,116.4,0.0,328.9,1176.3,958.3,1394.3,4,MODIS Terra,observed,2000-2014,high,vegetated water modelled from the radar ratio
2014-09-16,2014,1035.0,998.1,1072.0,113.7,0.0,321.2,1148.7,938.0,1359.4,10,Landsat 8 + MODIS Terra,observed,2000-2014,high,vegetated water modelled from the radar ratio
2014-10-02,2014,999.9,963.4,1036.5,109.8,0.0,310.3,1109.8,906.1,1313.5,9,Landsat 8 + MODIS Terra,observed,2000-2014,high,vegetated water modelled from the radar ratio
2014-10-18,2014,974.0,925.2,1022.8,107.0,0.0,302.3,1081.0,879.8,1282.3,4,MODIS Terra,observed,2000-2014,high,vegetated water modelled from the radar ratio
2014-11-03,2014,921.0,883.6,958.3,101.2,0.0,285.8,1022.1,833.8,1210.5,10,Landsat 8 + MODIS Terra,observed,2000-2014,high,vegetated water modelled from the radar ratio
2014-11-19,2014,872.7,836.4,909.1,95.9,0.0,270.8,968.6,790.0,1147.3,8,Landsat 8 + MODIS Terra,observed,2000-2014,high,vegetated water modelled from the radar ratio
2014-12-05,2014,823.0,785.5,860.4,90.4,0.0,255.4,913.4,744.2,1082.6,10,Landsat 8 + MODIS Terra,observed,2000-2014,high,vegetated water modelled from the radar ratio
2014-12-21,2014,887.0,829.1,944.8,97.4,0.0,275.3,984.4,797.4,1171.4,4,MODIS Terra,observed,2000-2014,high,vegetated water modelled from the radar ratio
2015-01-06,2015,1109.2,1037.0,1181.4,121.9,0.0,344.3,1231.1,997.2,1464.9,4,MODIS Terra,observed,2015-2024,high,vegetated water modelled from the radar ratio
2015-01-22,2015,1219.9,1140.9,1299.0,134.0,0.0,378.6,1354.0,1096.9,1611.0,0,Landsat 7,carried by the model,2015-2024,high,no clear observation in this window; vegetated water modelled from the radar ratio
2015-02-07,2015,1324.7,1267.0,1382.4,145.5,0.0,411.1,1470.2,1198.5,1742.0,10,Landsat 8 + MODIS Terra,observed,2015-2024,high,vegetated water modelled from the radar ratio
2015-02-23,2015,1353.4,1295.3,1411.5,148.7,0.0,420.0,1502.1,1224.7,1779.5,4,MODIS Terra,observed,2015-2024,high,vegetated water modelled from the radar ratio
2015-03-11,2015,1342.6,1287.4,1397.7,147.5,0.0,416.6,1490.0,1215.3,1764.7,4,MODIS Terra,observed,2015-2024,high,vegetated water modelled from the radar ratio
2015-03-27,2015,1324.5,1285.3,1363.7,145.5,0.0,410.9,1470.0,1201.7,1738.3,10,Landsat 8 + MODIS Terra,observed,2015-2024,high,vegetated water modelled from the radar ratio
2015-04-12,2015,1335.1,1289.1,1381.1,146.7,0.0,414.3,1481.8,1210.3,1753.3,9,Landsat 8 + MODIS Terra,observed,2015-2024,high,vegetated water modelled from the radar ratio
2015-04-28,2015,1320.0,1279.9,1360.1,145.0,0.0,409.6,1465.0,1197.5,1732.6,10,Landsat 8 + MODIS Terra,observed,2015-2024,high,vegetated water modelled from the radar ratio
2015-05-14,2015,1311.9,1273.6,1350.2,144.1,0.0,407.0,1456.0,1190.3,1721.7,10,Landsat 8 + MODIS Terra,observed,2015-2024,high,vegetated water modelled from the radar ratio
2015-05-30,2015,1311.5,1267.6,1355.5,144.1,0.0,406.9,1455.6,1189.1,1722.1,8,Landsat 8 + MODIS Terra,observed,2015-2024,high,vegetated water modelled from the radar ratio
2015-06-15,2015,1303.9,1253.5,1354.2,143.2,0.0,404.6,1447.1,1180.9,1713.2,4,MODIS Terra,observed,2015-2024,high,vegetated water modelled from the radar ratio
2015-07-01,2015,1285.1,1246.5,1323.8,141.2,0.0,398.7,1426.3,1165.9,1686.8,9,Landsat 8 + MODIS Terra,observed,2015-2024,high,vegetated water modelled from the radar ratio
2015-07-17,2015,1269.4,1232.2,1306.7,139.5,0.0,393.9,1408.9,1151.8,1666.0,9,Landsat 8 + MODIS Terra,observed,2015-2024,high,vegetated water modelled from the radar ratio
2015-08-02,2015,1264.4,1226.6,1302.2,138.9,0.0,392.3,1403.3,1147.1,1659.5,9,Landsat 8 + MODIS Terra,observed,2015-2024,high,vegetated water modelled from the radar ratio
2015-08-18,2015,1265.5,1227.2,1303.8,139.0,0.0,392.6,1404.5,1148.0,1661.0,8,Landsat 8 + MODIS Terra,observed,2015-2024,high,vegetated water modelled from the radar ratio
2015-09-03,2015,1259.6,1221.7,1297.6,138.4,0.0,390.8,1398.0,1142.7,1653.3,9,Landsat 8 + MODIS Terra,observed,2015-2024,high,vegetated water modelled from the radar ratio
2015-09-19,2015,1251.8,1214.5,1289.1,137.5,0.0,388.4,1389.3,1135.6,1642.9,10,Landsat 8 + MODIS Terra,observed,2015-2024,high,vegetated water modelled from the radar ratio
2015-10-05,2015,1239.5,1198.1,1280.9,136.2,0.0,384.6,1375.7,1123.8,1627.5,10,Landsat 8 + MODIS Terra,observed,2015-2024,high,vegetated water modelled from the radar ratio
2015-10-21,2015,1233.3,1183.5,1283.1,41.6,21.2,62.0,1274.9,1221.1,1328.7,4,MODIS Terra + ALOS PALSAR,observed,2015-2024,high,"vegetated water radar, measured"
2015-11-06,2015,1219.0,1180.8,1257.2,133.9,0.0,378.2,1352.9,1105.7,1600.2,10,Landsat 8 + MODIS Terra,observed,2015-2024,high,vegetated water modelled from the radar ratio
2015-11-22,2015,1220.3,1171.4,1269.2,134.1,0.0,378.6,1354.4,1104.9,1603.8,10,Landsat 8 + MODIS Terra,observed,2015-2024,high,vegetated water modelled from the radar ratio
2015-12-08,2015,1215.6,1159.9,1271.3,133.5,0.0,377.2,1349.1,1099.2,1599.1,4,MODIS Terra,observed,2015-2024,high,vegetated water modelled from the radar ratio
2015-12-24,2015,1210.6,1155.2,1266.0,133.0,0.0,375.7,1343.6,1094.7,1592.5,4,MODIS Terra,observed,2015-2024,high,vegetated water modelled from the radar ratio
2016-01-09,2016,1193.7,1140.3,1247.2,131.1,0.0,370.4,1324.9,1079.7,1570.1,4,MODIS Terra,observed,2015-2024,high,vegetated water modelled from the radar ratio
2016-01-25,2016,1186.7,1131.8,1241.6,130.4,0.0,368.2,1317.1,1073.0,1561.2,4,MODIS Terra,observed,2015-2024,high,vegetated water modelled from the radar ratio
2016-02-10,2016,1199.5,1145.8,1253.2,131.8,0.0,372.2,1331.3,1084.9,1577.7,10,Landsat 8 + MODIS Terra,observed,2015-2024,high,vegetated water modelled from the radar ratio
2016-02-26,2016,1205.1,1140.9,1269.4,132.4,0.0,374.0,1337.5,1087.5,1587.5,4,MODIS Terra,observed,2015-2024,high,vegetated water modelled from the radar ratio
2016-03-13,2016,1209.0,1159.1,1258.8,132.8,0.0,375.1,1341.8,1094.4,1589.2,9,Landsat 8 + MODIS Terra,observed,2015-2024,high,vegetated water modelled from the radar ratio
2016-03-29,2016,1208.3,1160.1,1256.5,132.7,0.0,374.9,1341.1,1094.1,1588.0,9,Landsat 8 + MODIS Terra,observed,2015-2024,high,vegetated water modelled from the radar ratio
2016-04-14,2016,1174.6,1135.5,1213.6,129.0,0.0,364.4,1303.6,1065.0,1542.2,10,Landsat 8 + MODIS Terra,observed,2015-2024,high,vegetated water modelled from the radar ratio
2016-04-30,2016,1173.3,1122.1,1224.5,128.9,0.0,364.1,1302.2,1061.5,1542.9,4,MODIS Terra,observed,2015-2024,high,vegetated water modelled from the radar ratio
2016-05-16,2016,1169.4,1116.9,1221.9,128.5,0.0,362.9,1297.8,1057.6,1538.0,4,MODIS Terra,observed,2015-2024,high,vegetated water modelled from the radar ratio
2016-06-01,2016,1157.7,1105.4,1210.0,127.2,0.0,359.2,1284.9,1047.0,1522.7,4,MODIS Terra,observed,2015-2024,high,vegetated water modelled from the radar ratio
2016-06-17,2016,1142.0,1093.0,1191.0,125.5,0.0,354.4,1267.4,1033.3,1501.5,8,Landsat 8 + MODIS Terra,observed,2015-2024,high,vegetated water modelled from the radar ratio
2016-07-03,2016,1133.4,1073.1,1193.7,17.1,8.7,25.5,1150.5,1089.6,1211.3,4,MODIS Terra + ALOS PALSAR,observed,2015-2024,high,"vegetated water radar, measured"
2016-07-19,2016,1106.4,1067.4,1145.4,121.5,0.0,343.3,1228.0,1002.8,1453.1,9,Landsat 8 + MODIS Terra,observed,2015-2024,high,vegetated water modelled from the radar ratio
2016-08-04,2016,1117.9,1076.3,1159.4,122.8,0.0,346.9,1240.7,1012.8,1468.6,10,Landsat 8 + MODIS Terra,observed,2015-2024,high,vegetated water modelled from the radar ratio
2016-08-20,2016,1104.8,1068.0,1141.5,121.4,0.0,342.8,1226.1,1001.7,1450.6,9,Landsat 8 + MODIS Terra,observed,2015-2024,high,vegetated water modelled from the radar ratio
2016-09-05,2016,1061.9,1025.1,1098.7,116.7,0.0,329.5,1178.6,962.6,1394.6,9,Landsat 8 + MODIS Terra,observed,2015-2024,high,vegetated water modelled from the radar ratio
2016-09-21,2016,1023.6,982.2,1065.1,112.5,0.0,317.6,1136.1,926.8,1345.4,10,Landsat 8 + MODIS Terra,observed,2015-2024,high,vegetated water modelled from the radar ratio
2016-10-07,2016,965.6,921.0,1010.2,106.1,0.0,299.6,1071.7,873.1,1270.4,10,Landsat 8 + MODIS Terra,observed,2015-2024,high,vegetated water modelled from the radar ratio
2016-10-23,2016,888.5,851.9,925.1,97.6,0.0,275.7,986.1,804.3,1167.9,10,Landsat 8 + MODIS Terra,observed,2015-2024,high,vegetated water modelled from the radar ratio
2016-11-08,2016,867.1,817.6,916.6,95.3,0.0,269.1,962.4,781.6,1143.1,4,MODIS Terra,observed,2015-2024,high,vegetated water modelled from the radar ratio
2016-11-24,2016,870.5,823.1,918.0,95.6,0.0,270.2,966.2,785.3,1147.0,10,Landsat 8 + MODIS Terra,observed,2015-2024,high,vegetated water modelled from the radar ratio
2016-12-10,2016,841.1,793.7,888.5,92.4,0.0,261.0,933.5,758.3,1108.6,8,Landsat 8 + MODIS Terra,observed,2015-2024,high,vegetated water modelled from the radar ratio
2016-12-26,2016,876.4,822.7,930.2,96.3,0.0,272.0,972.7,789.0,1156.5,6,MODIS Terra,observed,2015-2024,high,vegetated water modelled from the radar ratio
2017-01-11,2017,991.3,929.7,1052.9,108.9,0.0,307.7,1100.2,892.1,1308.3,4,MODIS Terra,observed,2015-2024,high,vegetated water modelled from the radar ratio
2017-01-27,2017,1065.1,1005.8,1124.5,117.0,0.0,330.6,1182.2,960.5,1403.8,4,MODIS Terra,observed,2015-2024,high,vegetated water modelled from the radar ratio
2017-02-12,2017,1084.9,1030.4,1139.4,119.2,0.0,336.7,1204.1,979.9,1428.3,4,MODIS Terra,observed,2015-2024,high,vegetated water modelled from the radar ratio
2017-02-28,2017,1097.9,1045.1,1150.6,120.6,0.0,340.7,1218.5,992.2,1444.8,4,MODIS Terra,observed,2015-2024,high,vegetated water modelled from the radar ratio
2017-03-16,2017,1110.0,1057.5,1162.4,121.9,0.0,344.4,1231.9,1003.3,1460.5,4,MODIS Terra,observed,2015-2024,high,vegetated water modelled from the radar ratio
2017-04-01,2017,1102.7,1059.5,1146.0,121.1,0.0,342.2,1223.9,998.7,1449.1,10,Landsat 8 + MODIS Terra,observed,2015-2024,high,vegetated water modelled from the radar ratio
2017-04-17,2017,1080.8,1028.4,1133.1,118.7,0.0,335.4,1199.5,976.6,1422.4,4,MODIS Terra,observed,2015-2024,high,vegetated water modelled from the radar ratio
2017-05-03,2017,1048.0,1003.0,1093.1,115.1,0.0,325.2,1163.2,948.3,1378.0,10,Landsat 8 + MODIS Terra,observed,2015-2024,high,vegetated water modelled from the radar ratio
2017-05-19,2017,1023.9,986.3,1061.5,112.5,0.0,317.7,1136.4,927.8,1345.1,9,Landsat 8 + MODIS Terra,observed,2015-2024,high,vegetated water modelled from the radar ratio
2017-06-04,2017,1035.8,986.0,1085.7,113.8,0.0,321.4,1149.6,936.1,1363.2,4,MODIS Terra,observed,2015-2024,high,vegetated water modelled from the radar ratio
2017-06-20,2017,1030.7,984.8,1076.7,113.2,0.0,319.8,1144.0,932.3,1355.6,9,Landsat 8 + MODIS Terra,observed,2015-2024,high,vegetated water modelled from the radar ratio
2017-07-06,2017,1015.6,976.3,1054.9,111.6,0.0,315.1,1127.2,919.9,1334.5,10,Landsat 8 + MODIS Terra,observed,2015-2024,high,vegetated water modelled from the radar ratio
2017-07-22,2017,997.6,960.7,1034.5,109.6,0.0,309.5,1107.2,903.9,1310.5,9,Landsat 8 + MODIS Terra,observed,2015-2024,high,vegetated water modelled from the radar ratio
2017-08-07,2017,977.8,938.1,1017.5,107.4,0.0,303.4,1085.2,885.2,1285.2,9,Landsat 8 + MODIS Terra,observed,2015-2024,high,vegetated water modelled from the radar ratio
2017-08-23,2017,961.2,925.2,997.1,105.6,0.0,298.2,1066.7,870.8,1262.7,10,Landsat 8 + MODIS Terra,observed,2015-2024,high,vegetated water modelled from the radar ratio
2017-09-08,2017,918.7,882.5,954.9,100.9,0.0,285.1,1019.6,831.9,1207.2,9,Landsat 8 + MODIS Terra,observed,2015-2024,high,vegetated water modelled from the radar ratio
2017-09-24,2017,856.5,811.1,902.0,94.1,0.0,265.8,950.6,773.0,1128.2,10,Landsat 8 + MODIS Terra,observed,2015-2024,high,vegetated water modelled from the radar ratio
2017-10-10,2017,775.4,739.4,811.3,85.2,0.0,240.6,860.6,701.0,1020.1,10,Landsat 8 + MODIS Terra,observed,2015-2024,high,vegetated water modelled from the radar ratio
2017-10-26,2017,726.2,687.1,765.2,6.0,3.1,8.9,732.2,693.0,771.3,10,Landsat 8 + MODIS Terra + ALOS PALSAR,observed,2015-2024,high,"vegetated water radar, measured"
2017-11-11,2017,683.7,633.2,734.2,75.1,0.0,212.2,758.8,612.7,904.9,4,MODIS Terra,observed,2015-2024,high,vegetated water modelled from the radar ratio
2017-11-27,2017,664.1,607.8,720.5,73.0,0.0,206.2,737.1,592.4,881.7,4,MODIS Terra,observed,2015-2024,high,vegetated water modelled from the radar ratio
2017-12-13,2017,647.7,596.3,699.0,71.2,0.0,201.1,718.8,579.1,858.5,4,MODIS Terra,observed,2015-2024,high,vegetated water modelled from the radar ratio
2017-12-29,2017,626.4,583.0,669.7,68.8,0.0,194.4,695.2,562.3,828.1,10,Landsat 8 + MODIS Terra,observed,2015-2024,high,vegetated water modelled from the radar ratio
2018-01-14,2018,616.6,575.1,658.1,67.7,0.0,191.4,684.3,553.9,814.8,10,Landsat 8 + MODIS Terra,observed,2015-2024,high,vegetated water modelled from the radar ratio
2018-01-30,2018,702.0,623.2,780.8,77.1,0.0,218.1,779.1,617.6,940.6,0,Landsat 7,carried by the model,2015-2024,high,no clear observation in this window; vegetated water modelled from the radar ratio
2018-02-15,2018,794.5,708.9,880.1,87.3,0.0,246.8,881.8,700.8,1062.8,0,Landsat 7,carried by the model,2015-2024,high,no clear observation in this window; vegetated water modelled from the radar ratio
2018-03-03,2018,885.4,816.1,954.7,97.3,0.0,274.8,982.6,792.0,1173.3,4,MODIS Terra,observed,2015-2024,high,vegetated water modelled from the radar ratio
2018-03-19,2018,898.8,843.7,954.0,98.7,0.0,279.0,997.6,809.1,1186.0,4,MODIS Terra,observed,2015-2024,high,vegetated water modelled from the radar ratio
2018-04-04,2018,905.4,853.0,957.8,99.5,0.0,281.0,1004.9,815.9,1193.8,4,MODIS Terra,observed,2015-2024,high,vegetated water modelled from the radar ratio
2018-04-20,2018,873.0,834.7,911.3,95.9,0.0,270.9,968.9,789.8,1148.1,10,Landsat 8 + MODIS Terra,observed,2015-2024,high,vegetated water modelled from the radar ratio
2018-05-06,2018,825.5,782.4,868.6,90.7,0.0,256.2,916.2,745.2,1087.2,9,Landsat 8 + MODIS Terra,observed,2015-2024,high,vegetated water modelled from the radar ratio
2018-05-22,2018,680.0,640.5,719.5,74.7,0.0,211.0,754.7,612.8,896.7,9,Landsat 8 + MODIS Terra,observed,2015-2024,high,vegetated water modelled from the radar ratio
2018-06-07,2018,718.6,677.4,759.9,78.9,0.0,223.0,797.6,647.7,947.4,9,Landsat 8 + MODIS Terra,observed,2015-2024,high,vegetated water modelled from the radar ratio
2018-06-23,2018,748.5,707.9,789.1,82.2,0.0,232.3,830.8,675.3,986.2,10,Landsat 8 + MODIS Terra,observed,2015-2024,high,vegetated water modelled from the radar ratio
2018-07-09,2018,759.8,711.2,808.5,83.5,0.0,235.8,843.3,683.4,1003.2,4,MODIS Terra,observed,2015-2024,high,vegetated water modelled from the radar ratio
2018-07-25,2018,723.3,687.4,759.3,79.5,0.0,224.5,802.8,653.4,952.2,9,Landsat 8 + MODIS Terra,observed,2015-2024,high,vegetated water modelled from the radar ratio
2018-08-10,2018,672.6,637.8,707.4,73.9,0.0,208.7,746.5,607.3,885.8,10,Landsat 8 + MODIS Terra,observed,2015-2024,high,vegetated water modelled from the radar ratio
2018-08-26,2018,650.2,615.4,685.0,71.4,0.0,201.8,721.7,586.7,856.6,10,Landsat 8 + MODIS Terra,observed,2015-2024,high,vegetated water modelled from the radar ratio
2018-09-11,2018,513.2,478.1,548.2,56.4,0.0,159.3,569.5,460.8,678.3,9,Landsat 8 + MODIS Terra,observed,2015-2024,high,vegetated water modelled from the radar ratio
2018-09-27,2018,506.8,468.6,545.0,55.7,0.0,157.3,562.5,453.9,671.1,10,Landsat 8 + MODIS Terra,observed,2015-2024,high,vegetated water modelled from the radar ratio
2018-10-13,2018,365.5,322.9,408.0,13.1,6.7,19.5,378.6,335.5,421.6,9,Landsat 8 + MODIS Terra + ALOS PALSAR,observed,2015-2024,high,"vegetated water radar, measured"
2018-10-29,2018,86.7,52.7,120.7,9.5,0.0,27.3,96.2,57.8,134.6,10,Landsat 8 + MODIS Terra,observed,2015-2024,high,vegetated water modelled from the radar ratio
2018-11-14,2018,47.7,13.9,81.5,5.2,0.0,15.5,52.9,17.6,88.2,10,Landsat 8 + MODIS Terra,observed,2015-2024,high,vegetated water modelled from the radar ratio
2018-11-30,2018,133.0,97.8,168.2,14.6,0.0,41.5,147.6,103.3,191.9,7,Landsat 8 + MODIS Terra,observed,2015-2024,high,vegetated water modelled from the radar ratio
2018-12-16,2018,494.6,432.9,556.4,54.3,0.0,153.7,549.0,432.0,666.0,4,MODIS Terra,observed,2015-2024,high,vegetated water modelled from the radar ratio
2019-01-01,2019,624.9,538.8,711.0,68.7,0.0,194.2,693.6,541.3,845.9,0,Landsat 7,carried by the model,2015-2024,high,no clear observation in this window; vegetated water modelled from the radar ratio
2019-01-17,2019,760.3,673.0,847.6,83.5,0.0,236.2,843.9,668.0,1019.7,0,Landsat 7,carried by the model,2015-2024,high,no clear observation in this window; vegetated water modelled from the radar ratio
2019-02-02,2019,893.5,827.2,959.8,98.2,0.0,277.4,991.7,800.6,1182.7,4,MODIS Terra,observed,2015-2024,high,vegetated water modelled from the radar ratio
2019-02-18,2019,1018.7,965.4,1071.9,111.9,0.0,316.1,1130.6,919.6,1341.6,4,MODIS Terra,observed,2015-2024,high,vegetated water modelled from the radar ratio
2019-03-06,2019,1165.0,1121.0,1209.1,128.0,0.0,361.5,1293.0,1055.4,1530.6,6,Landsat 8 + MODIS Terra,observed,2015-2024,high,vegetated water modelled from the radar ratio
2019-03-22,2019,1172.6,1123.6,1221.6,128.8,0.0,363.8,1301.4,1061.3,1541.5,9,Landsat 8 + MODIS Terra,observed,2015-2024,high,vegetated water modelled from the radar ratio
2019-04-07,2019,1152.2,1099.8,1204.5,126.6,0.0,357.5,1278.7,1041.9,1515.5,4,MODIS Terra,observed,2015-2024,high,vegetated water modelled from the radar ratio
2019-04-23,2019,1137.4,1087.4,1187.3,125.0,0.0,352.9,1262.3,1028.9,1495.7,9,Landsat 8 + MODIS Terra,observed,2015-2024,high,vegetated water modelled from the radar ratio
2019-05-09,2019,1118.7,1080.2,1157.1,122.9,0.0,347.1,1241.6,1014.1,1469.1,10,Landsat 8 + MODIS Terra,observed,2015-2024,high,vegetated water modelled from the radar ratio
2019-05-25,2019,1130.0,1081.0,1179.1,124.1,0.0,350.6,1254.2,1022.4,1485.9,9,Landsat 8 + MODIS Terra,observed,2015-2024,high,vegetated water modelled from the radar ratio
2019-06-10,2019,1115.3,1064.4,1166.2,122.5,0.0,346.1,1237.8,1008.5,1467.1,4,MODIS Terra,observed,2015-2024,high,vegetated water modelled from the radar ratio
2019-06-26,2019,1103.6,1066.0,1141.2,150.2,76.6,223.8,1253.8,1171.2,1336.4,10,Landsat 8 + MODIS Terra + ALOS PALSAR,observed,2015-2024,high,"vegetated water radar, measured"
2019-07-12,2019,1092.2,1055.8,1128.5,120.0,0.0,338.9,1212.1,990.2,1434.0,9,Landsat 8 + MODIS Terra,observed,2015-2024,high,vegetated water modelled from the radar ratio
2019-07-28,2019,1087.5,1051.1,1123.9,119.5,0.0,337.4,1206.9,986.0,1427.9,10,Landsat 8 + MODIS Terra,observed,2015-2024,high,vegetated water modelled from the radar ratio
2019-08-13,2019,1093.7,1054.2,1133.2,120.1,0.0,339.3,1213.8,991.1,1436.5,9,Landsat 8 + MODIS Terra,observed,2015-2024,high,vegetated water modelled from the radar ratio
2019-08-29,2019,1077.5,1040.7,1114.2,118.4,0.0,334.3,1195.9,976.8,1414.9,9,Landsat 8 + MODIS Terra,observed,2015-2024,high,vegetated water modelled from the radar ratio
2019-09-14,2019,1051.4,1010.5,1092.4,115.5,0.0,326.3,1167.0,952.3,1381.6,10,Landsat 8 + MODIS Terra,observed,2015-2024,high,vegetated water modelled from the radar ratio
2019-09-30,2019,1040.8,1001.3,1080.3,114.3,0.0,322.9,1155.1,942.8,1367.4,10,Landsat 8 + MODIS Terra,observed,2015-2024,high,vegetated water modelled from the radar ratio
2019-10-16,2019,1012.4,975.5,1049.3,111.2,0.0,314.1,1123.6,917.4,1329.9,10,Landsat 8 + MODIS Terra,observed,2015-2024,high,vegetated water modelled from the radar ratio
2019-11-01,2019,1001.3,949.7,1052.8,110.0,0.0,310.7,1111.3,904.0,1318.5,4,MODIS Terra,observed,2015-2024,high,vegetated water modelled from the radar ratio
2019-11-17,2019,998.9,939.8,1057.9,109.7,0.0,310.0,1108.6,899.8,1317.4,4,MODIS Terra,observed,2015-2024,high,vegetated water modelled from the radar ratio
2019-12-03,2019,1016.5,957.8,1075.2,111.7,0.0,315.5,1128.2,916.1,1340.2,4,MODIS Terra,observed,2015-2024,high,vegetated water modelled from the radar ratio
2019-12-19,2019,1039.5,981.6,1097.4,114.2,0.0,322.6,1153.7,937.4,1370.0,10,Landsat 8 + MODIS Terra,observed,2015-2024,high,vegetated water modelled from the radar ratio
2020-01-04,2020,1071.6,1003.3,1139.8,117.7,0.0,332.6,1189.3,963.9,1414.7,4,MODIS Terra,observed,2015-2024,high,vegetated water modelled from the radar ratio
2020-01-20,2020,1085.7,1012.9,1158.4,119.3,0.0,337.0,1204.9,975.4,1434.4,4,MODIS Terra,observed,2015-2024,high,vegetated water modelled from the radar ratio
2020-02-05,2020,1100.8,1041.3,1160.2,120.9,0.0,341.6,1221.7,993.1,1450.2,4,MODIS Terra,observed,2015-2024,high,vegetated water modelled from the radar ratio
2020-02-21,2020,1097.1,1041.7,1152.5,120.5,0.0,340.4,1217.6,990.8,1444.4,4,MODIS Terra,observed,2015-2024,high,vegetated water modelled from the radar ratio
2020-03-08,2020,1088.9,1037.7,1140.1,119.6,0.0,337.9,1208.6,984.4,1432.8,4,MODIS Terra,observed,2015-2024,high,vegetated water modelled from the radar ratio
2020-03-24,2020,1073.1,1033.9,1112.3,117.9,0.0,333.0,1191.0,972.4,1409.6,10,Landsat 8 + MODIS Terra,observed,2015-2024,high,vegetated water modelled from the radar ratio
2020-04-09,2020,1079.1,1029.9,1128.3,118.5,0.0,334.9,1197.7,975.8,1419.5,4,MODIS Terra,observed,2015-2024,high,vegetated water modelled from the radar ratio
2020-04-25,2020,1063.7,1026.1,1101.4,116.9,0.0,330.1,1180.6,964.1,1397.1,9,Landsat 8 + MODIS Terra,observed,2015-2024,high,vegetated water modelled from the radar ratio
2020-05-11,2020,1075.5,1029.8,1121.2,118.2,0.0,333.7,1193.7,973.3,1414.0,10,Landsat 8 + MODIS Terra,observed,2015-2024,high,vegetated water modelled from the radar ratio
2020-05-27,2020,1077.5,1036.0,1119.0,118.4,0.0,334.3,1195.8,975.9,1415.8,9,Landsat 8 + MODIS Terra,observed,2015-2024,high,vegetated water modelled from the radar ratio
2020-06-12,2020,1083.6,1034.1,1133.2,119.0,0.0,336.3,1202.7,979.9,1425.5,4,MODIS Terra,observed,2015-2024,high,vegetated water modelled from the radar ratio
2020-06-28,2020,1075.9,1037.3,1114.4,105.8,54.0,157.6,1181.7,1117.1,1246.2,10,Landsat 8 + MODIS Terra + ALOS PALSAR,observed,2015-2024,high,"vegetated water radar, measured"
2020-07-14,2020,1071.2,1034.3,1108.0,117.7,0.0,332.4,1188.9,971.0,1406.7,9,Landsat 8 + MODIS Terra,observed,2015-2024,high,vegetated water modelled from the radar ratio
2020-07-30,2020,1075.5,1032.2,1118.7,118.1,0.0,333.7,1193.6,973.7,1413.5,9,Landsat 8 + MODIS Terra,observed,2015-2024,high,vegetated water modelled from the radar ratio
2020-08-15,2020,1071.4,1028.4,1114.5,117.7,0.0,332.5,1189.1,970.1,1408.1,10,Landsat 8 + MODIS Terra,observed,2015-2024,high,vegetated water modelled from the radar ratio
2020-08-31,2020,1050.9,1014.1,1087.7,115.5,0.0,326.1,1166.4,952.6,1380.2,9,Landsat 8 + MODIS Terra,observed,2015-2024,high,vegetated water modelled from the radar ratio
2020-09-16,2020,1039.0,998.1,1080.0,114.1,0.0,322.4,1153.2,941.0,1365.4,10,Landsat 8 + MODIS Terra,observed,2015-2024,high,vegetated water modelled from the radar ratio
2020-10-02,2020,1025.2,988.3,1062.0,112.6,0.0,318.1,1137.8,929.0,1346.5,10,Landsat 8 + MODIS Terra,observed,2015-2024,high,vegetated water modelled from the radar ratio
2020-10-18,2020,1018.4,976.4,1060.4,111.9,0.0,316.0,1130.3,921.9,1338.7,10,Landsat 8 + MODIS Terra,observed,2015-2024,high,vegetated water modelled from the radar ratio
2020-11-03,2020,999.9,953.1,1046.7,109.8,0.0,310.3,1109.7,903.9,1315.5,9,Landsat 8 + MODIS Terra,observed,2015-2024,high,vegetated water modelled from the radar ratio
2020-11-19,2020,982.1,944.3,1020.0,107.9,0.0,304.7,1090.0,889.6,1290.5,10,Landsat 8 + MODIS Terra,observed,2015-2024,high,vegetated water modelled from the radar ratio
2020-12-05,2020,966.1,920.1,1012.0,106.1,0.0,299.8,1072.2,873.2,1271.2,9,Landsat 8 + MODIS Terra,observed,2015-2024,high,vegetated water modelled from the radar ratio
2020-12-21,2020,1006.9,946.3,1067.5,110.6,0.0,312.5,1117.5,906.7,1328.3,4,MODIS Terra,observed,2015-2024,high,vegetated water modelled from the radar ratio
2021-01-06,2021,1037.0,963.7,1110.3,113.9,0.0,321.9,1150.9,930.4,1371.4,4,MODIS Terra,observed,2015-2024,high,vegetated water modelled from the radar ratio
2021-01-22,2021,1046.7,974.8,1118.6,115.0,0.0,324.9,1161.7,939.8,1383.6,4,MODIS Terra,observed,2015-2024,high,vegetated water modelled from the radar ratio
2021-02-07,2021,1059.5,972.8,1146.3,116.4,0.0,328.9,1175.9,946.4,1405.5,0,Landsat 7,carried by the model,2015-2024,high,no clear observation in this window; vegetated water modelled from the radar ratio
2021-02-23,2021,1070.3,990.7,1149.9,117.6,0.0,332.2,1187.9,959.0,1416.8,4,MODIS Terra,observed,2015-2024,high,vegetated water modelled from the radar ratio
2021-03-11,2021,1056.3,998.5,1114.1,116.0,0.0,327.8,1172.3,952.8,1391.8,4,MODIS Terra,observed,2015-2024,high,vegetated water modelled from the radar ratio
2021-03-27,2021,1043.7,990.8,1096.7,114.7,0.0,323.9,1158.4,942.6,1374.2,4,MODIS Terra,observed,2015-2024,high,vegetated water modelled from the radar ratio
2021-04-12,2021,1043.1,990.6,1095.5,114.6,0.0,323.7,1157.6,942.1,1373.2,4,MODIS Terra,observed,2015-2024,high,vegetated water modelled from the radar ratio
2021-04-28,2021,1041.5,989.8,1093.2,114.4,0.0,323.2,1155.9,940.9,1371.0,4,MODIS Terra,observed,2015-2024,high,vegetated water modelled from the radar ratio
2021-05-14,2021,1031.4,983.8,1079.1,113.3,0.0,320.1,1144.7,932.6,1356.9,8,Landsat 8 + MODIS Terra,observed,2015-2024,high,vegetated water modelled from the radar ratio
2021-05-30,2021,1020.8,982.2,1059.4,112.1,0.0,316.7,1132.9,924.7,1341.1,10,Landsat 8 + MODIS Terra,observed,2015-2024,high,vegetated water modelled from the radar ratio
2021-06-15,2021,992.6,952.9,1032.3,109.0,0.0,308.0,1101.6,898.8,1304.5,10,Landsat 8 + MODIS Terra,observed,2015-2024,high,vegetated water modelled from the radar ratio
2021-07-01,2021,1008.6,969.7,1047.4,110.8,0.0,312.9,1119.4,913.5,1325.2,9,Landsat 8 + MODIS Terra,observed,2015-2024,high,vegetated water modelled from the radar ratio
2021-07-17,2021,1030.9,984.1,1077.6,113.2,0.0,319.9,1144.1,932.2,1356.0,6,Landsat 8 + MODIS Terra,observed,2015-2024,high,vegetated water modelled from the radar ratio
2021-08-02,2021,1017.0,979.8,1054.3,111.7,0.0,315.6,1128.8,921.6,1336.0,10,Landsat 8 + MODIS Terra,observed,2015-2024,high,vegetated water modelled from the radar ratio
2021-08-18,2021,1018.0,981.2,1054.8,111.8,0.0,315.9,1129.9,922.5,1337.2,9,Landsat 8 + MODIS Terra,observed,2015-2024,high,vegetated water modelled from the radar ratio
2021-09-03,2021,1016.5,966.2,1066.7,111.7,0.0,315.4,1128.1,918.2,1338.0,4,MODIS Terra,observed,2015-2024,high,vegetated water modelled from the radar ratio
2021-09-19,2021,1011.2,960.8,1061.6,111.1,0.0,313.8,1122.3,913.4,1331.2,4,MODIS Terra,observed,2015-2024,high,vegetated water modelled from the radar ratio
2021-10-05,2021,1009.1,969.5,1048.7,6.1,3.1,9.1,1015.2,975.5,1054.9,10,Landsat 8 + MODIS Terra + ALOS PALSAR,observed,2015-2024,high,"vegetated water radar, measured"
2021-10-21,2021,989.4,946.7,1032.1,108.7,0.0,307.0,1098.1,895.2,1301.0,9,Landsat 8 + MODIS Terra,observed,2015-2024,high,vegetated water modelled from the radar ratio
2021-11-06,2021,965.6,929.5,1001.8,106.1,0.0,299.6,1071.7,874.9,1268.6,16,Landsat 8 + MODIS Terra,observed,2015-2024,high,vegetated water modelled from the radar ratio
2021-11-22,2021,949.5,913.4,985.6,104.3,0.0,294.6,1053.8,860.1,1247.5,10,Landsat 8 + MODIS Terra,observed,2015-2024,high,vegetated water modelled from the radar ratio
2021-12-08,2021,906.0,870.0,941.9,99.5,0.0,281.1,1005.5,820.4,1190.6,13,Landsat 8 + MODIS Terra,observed,2015-2024,high,vegetated water modelled from the radar ratio
2021-12-24,2021,897.4,855.4,939.4,98.6,0.0,278.5,996.0,811.2,1180.7,13,Landsat 8 + MODIS Terra,observed,2015-2024,high,vegetated water modelled from the radar ratio
2022-01-09,2022,969.3,913.9,1024.8,106.5,0.0,300.8,1075.8,873.8,1277.9,4,MODIS Terra,observed,2015-2024,high,vegetated water modelled from the radar ratio
2022-01-25,2022,1018.0,961.9,1074.1,111.8,0.0,315.9,1129.8,918.2,1341.5,4,MODIS Terra,observed,2015-2024,high,vegetated water modelled from the radar ratio
2022-02-10,2022,1040.0,967.6,1112.4,114.3,0.0,322.8,1154.3,933.5,1375.1,0,Landsat 7,carried by the model,2015-2024,high,no clear observation in this window; vegetated water modelled from the radar ratio
2022-02-26,2022,1063.8,1010.7,1116.9,116.9,0.0,330.1,1180.7,960.9,1400.4,12,Landsat 8 + MODIS Terra,observed,2015-2024,high,vegetated water modelled from the radar ratio
2022-03-14,2022,1118.4,1057.1,1179.8,122.9,0.0,347.1,1241.3,1008.8,1473.7,4,MODIS Terra,observed,2015-2024,high,vegetated water modelled from the radar ratio
2022-03-30,2022,1131.3,1062.7,1200.0,124.3,0.0,351.1,1255.6,1018.6,1492.6,3,MODIS Terra,observed,2015-2024,high,vegetated water modelled from the radar ratio
2022-04-15,2022,1123.3,1065.8,1180.8,123.4,0.0,348.6,1246.7,1014.3,1479.1,4,MODIS Terra,observed,2015-2024,high,vegetated water modelled from the radar ratio
2022-05-01,2022,1101.7,1064.1,1139.2,121.0,0.0,341.8,1222.7,998.7,1446.7,14,Landsat 8 + MODIS Terra,observed,2015-2024,high,vegetated water modelled from the radar ratio
2022-05-17,2022,1118.7,1076.7,1160.7,122.9,0.0,347.1,1241.6,1013.4,1469.7,14,Landsat 8 + MODIS Terra,observed,2015-2024,high,vegetated water modelled from the radar ratio
2022-06-02,2022,1131.9,1083.7,1180.2,124.4,0.0,351.2,1256.3,1024.3,1488.2,13,Landsat 8 + MODIS Terra,observed,2015-2024,high,vegetated water modelled from the radar ratio
2022-06-18,2022,1139.3,1081.3,1197.3,125.2,0.0,353.5,1264.4,1028.8,1500.1,4,MODIS Terra,observed,2015-2024,high,vegetated water modelled from the radar ratio
2022-07-04,2022,1117.8,1079.5,1156.2,122.8,0.0,346.8,1240.6,1013.3,1467.9,13,Landsat 8 + MODIS Terra,observed,2015-2024,high,vegetated water modelled from the radar ratio
2022-07-20,2022,1119.9,1079.3,1160.4,123.0,0.0,347.5,1242.9,1014.8,1471.0,13,Landsat 8 + MODIS Terra,observed,2015-2024,high,vegetated water modelled from the radar ratio
2022-08-05,2022,1104.2,1067.7,1140.8,121.3,0.0,342.6,1225.5,1001.2,1449.8,14,Landsat 8 + MODIS Terra,observed,2015-2024,high,vegetated water modelled from the radar ratio
2022-08-21,2022,1103.2,1066.7,1139.8,121.2,0.0,342.3,1224.4,1000.3,1448.5,13,Landsat 8 + MODIS Terra,observed,2015-2024,high,vegetated water modelled from the radar ratio
2022-09-06,2022,1096.2,1059.7,1132.6,120.4,0.0,340.1,1216.6,993.9,1439.3,11,Landsat 8 + MODIS Terra,observed,2015-2024,high,vegetated water modelled from the radar ratio
2022-09-22,2022,1087.8,1050.7,1124.9,119.5,0.0,337.5,1207.3,986.2,1428.5,14,Landsat 8 + MODIS Terra,observed,2015-2024,high,vegetated water modelled from the radar ratio
2022-10-08,2022,1082.7,1040.7,1124.7,91.8,46.8,136.8,1174.5,1113.0,1236.0,13,Landsat 8 + MODIS Terra + ALOS PALSAR,observed,2015-2024,high,"vegetated water radar, measured"
2022-10-24,2022,1061.9,1024.8,1098.9,116.7,0.0,329.5,1178.5,962.5,1394.5,13,Landsat 8 + MODIS Terra,observed,2015-2024,high,vegetated water modelled from the radar ratio
2022-11-09,2022,1047.5,1001.7,1093.3,115.1,0.0,325.0,1162.6,947.7,1377.5,14,Landsat 8 + MODIS Terra,observed,2015-2024,high,vegetated water modelled from the radar ratio
2022-11-25,2022,1041.8,1004.0,1079.6,114.4,0.0,323.2,1156.2,944.0,1368.4,13,Landsat 8 + MODIS Terra,observed,2015-2024,high,vegetated water modelled from the radar ratio
2022-12-11,2022,1074.9,1018.4,1131.4,118.1,0.0,333.6,1193.0,970.2,1415.7,10,Landsat 8 + MODIS Terra,observed,2015-2024,high,vegetated water modelled from the radar ratio
2022-12-27,2022,1107.5,1063.0,1152.0,121.7,0.0,343.6,1229.2,1002.8,1455.6,11,Landsat 8 + MODIS Terra,observed,2015-2024,high,vegetated water modelled from the radar ratio
2023-01-12,2023,1164.4,1100.7,1228.0,127.9,0.0,361.3,1292.3,1050.3,1534.3,4,MODIS Terra,observed,2015-2024,high,vegetated water modelled from the radar ratio
2023-01-28,2023,1216.5,1144.8,1288.3,133.6,0.0,377.5,1350.2,1095.9,1604.4,0,Landsat 7,carried by the model,2015-2024,high,no clear observation in this window; vegetated water modelled from the radar ratio
2023-02-13,2023,1286.2,1244.0,1328.3,141.3,0.0,399.1,1427.5,1166.3,1688.7,10,Landsat 8 + MODIS Terra,observed,2015-2024,high,vegetated water modelled from the radar ratio
2023-03-01,2023,1539.8,1466.6,1613.1,169.2,0.0,477.8,1709.0,1391.7,2026.2,0,Landsat 7,carried by the model,2015-2024,high,no clear observation in this window; vegetated water modelled from the radar ratio
2023-03-17,2023,1793.7,1725.0,1862.4,197.1,0.0,556.6,1990.8,1624.7,2356.8,4,MODIS Terra,observed,2015-2024,high,vegetated water modelled from the radar ratio
2023-04-02,2023,1942.1,1881.6,2002.6,213.4,0.0,602.6,2155.4,1761.5,2549.3,13,Landsat 8 + MODIS Terra,observed,2015-2024,high,vegetated water modelled from the radar ratio
2023-04-18,2023,2005.7,1952.6,2058.8,220.3,0.0,622.3,2226.1,1820.6,2631.5,12,Landsat 8 + MODIS Terra,observed,2015-2024,high,vegetated water modelled from the radar ratio
2023-05-04,2023,2000.4,1954.9,2045.9,219.8,0.0,620.6,2220.1,1816.7,2623.6,12,Landsat 8 + MODIS Terra,observed,2015-2024,high,vegetated water modelled from the radar ratio
2023-05-20,2023,1993.6,1951.3,2035.8,219.0,0.0,618.5,2212.6,1810.8,2614.3,15,Landsat 8 + MODIS Terra,observed,2015-2024,high,vegetated water modelled from the radar ratio
2023-06-05,2023,1991.4,1949.7,2033.0,218.8,0.0,617.8,2210.1,1808.9,2611.4,14,Landsat 8 + MODIS Terra,observed,2015-2024,high,vegetated water modelled from the radar ratio
2023-06-21,2023,1989.2,1946.6,2031.9,218.5,0.0,617.2,2207.8,1806.9,2608.7,12,Landsat 8 + MODIS Terra,observed,2015-2024,high,vegetated water modelled from the radar ratio
2023-07-07,2023,2000.7,1958.1,2043.2,219.8,0.0,620.7,2220.5,1817.3,2623.6,14,Landsat 8 + MODIS Terra,observed,2015-2024,high,vegetated water modelled from the radar ratio
2023-07-23,2023,2010.5,1968.6,2052.5,220.9,0.0,623.8,2231.4,1826.3,2636.5,13,Landsat 8 + MODIS Terra,observed,2015-2024,high,vegetated water modelled from the radar ratio
2023-08-08,2023,2007.9,1961.7,2054.2,220.6,0.0,623.0,2228.5,1823.5,2633.6,12,Landsat 8 + MODIS Terra,observed,2015-2024,high,vegetated water modelled from the radar ratio
2023-08-24,2023,1999.9,1956.2,2043.6,219.7,0.0,620.5,2219.6,1816.4,2622.7,14,Landsat 8 + MODIS Terra,observed,2015-2024,high,vegetated water modelled from the radar ratio
2023-09-09,2023,1998.0,1955.8,2040.2,219.5,0.0,619.9,2217.5,1814.9,2620.1,14,Landsat 8 + MODIS Terra,observed,2015-2024,high,vegetated water modelled from the radar ratio
2023-09-25,2023,1982.3,1929.6,2035.1,217.8,0.0,615.1,2200.1,1799.4,2600.9,4,MODIS Terra,observed,2015-2024,high,vegetated water modelled from the radar ratio
2023-10-11,2023,1955.5,1909.8,2001.1,214.8,0.0,606.7,2170.3,1775.8,2564.8,12,Landsat 8 + MODIS Terra,observed,2015-2024,high,vegetated water modelled from the radar ratio
2023-10-27,2023,1958.2,1916.0,2000.5,3.3,1.7,4.9,1961.5,1919.3,2003.8,10,Landsat 8 + MODIS Terra + ALOS PALSAR,observed,2015-2024,high,"vegetated water radar, measured"
2023-11-12,2023,1969.2,1926.5,2011.9,216.3,0.0,611.0,2185.5,1788.6,2582.5,16,Landsat 8 + MODIS Terra,observed,2015-2024,high,vegetated water modelled from the radar ratio
2023-11-28,2023,1979.8,1922.3,2037.3,217.5,0.0,614.3,2197.3,1796.4,2598.2,12,Landsat 8 + MODIS Terra,observed,2015-2024,high,vegetated water modelled from the radar ratio
2023-12-14,2023,1985.5,1908.3,2062.6,218.1,0.0,616.1,2203.6,1798.2,2608.9,14,Landsat 8 + MODIS Terra,observed,2015-2024,high,vegetated water modelled from the radar ratio
2023-12-30,2023,1991.2,1908.1,2074.3,218.7,0.0,617.9,2209.9,1802.3,2617.6,0,Landsat 7,carried by the model,2015-2024,high,no clear observation in this window; vegetated water modelled from the radar ratio
2024-01-15,2024,1997.6,1933.4,2061.8,219.5,0.0,619.8,2217.1,1811.6,2622.5,4,MODIS Terra,observed,2015-2024,high,vegetated water modelled from the radar ratio
2024-01-31,2024,2000.4,1938.0,2062.8,219.8,0.0,620.7,2220.1,1814.4,2625.8,4,MODIS Terra,observed,2015-2024,high,vegetated water modelled from the radar ratio
2024-02-16,2024,1991.8,1929.3,2054.2,218.8,0.0,618.0,2210.6,1806.5,2614.6,10,Landsat 8 + MODIS Terra,observed,2015-2024,high,vegetated water modelled from the radar ratio
2024-03-03,2024,1991.3,1932.9,2049.7,218.8,0.0,617.8,2210.0,1806.7,2613.4,9,Landsat 8 + MODIS Terra,observed,2015-2024,high,vegetated water modelled from the radar ratio
2024-03-19,2024,1985.7,1922.0,2049.5,218.1,0.0,616.1,2203.9,1800.8,2606.9,4,MODIS Terra,observed,2015-2024,high,vegetated water modelled from the radar ratio
2024-04-04,2024,1982.8,1923.3,2042.3,217.8,0.0,615.2,2200.6,1798.8,2602.4,4,MODIS Terra,observed,2015-2024,high,vegetated water modelled from the radar ratio
2024-04-20,2024,1979.3,1923.8,2034.9,217.4,0.0,614.1,2196.8,1796.2,2597.3,4,MODIS Terra,observed,2015-2024,high,vegetated water modelled from the radar ratio
2024-05-06,2024,1972.3,1925.9,2018.7,216.7,0.0,611.9,2189.0,1791.0,2587.0,10,Landsat 8 + MODIS Terra,observed,2015-2024,high,vegetated water modelled from the radar ratio
2024-05-22,2024,1958.8,1913.0,2004.5,215.2,0.0,607.7,2174.0,1778.8,2569.2,9,Landsat 8 + MODIS Terra,observed,2015-2024,high,vegetated water modelled from the radar ratio
2024-06-07,2024,1950.0,1907.4,1992.6,214.2,0.0,605.0,2164.2,1771.1,2557.3,10,Landsat 8 + MODIS Terra,observed,2015-2024,high,vegetated water modelled from the radar ratio
2024-06-23,2024,1943.8,1888.9,1998.7,213.5,0.0,603.1,2157.3,1763.9,2550.7,4,MODIS Terra,observed,2015-2024,high,vegetated water modelled from the radar ratio
2024-07-09,2024,1938.2,1895.9,1980.6,212.9,0.0,601.3,2151.2,1760.4,2541.9,10,Landsat 8 + MODIS Terra,observed,2015-2024,high,vegetated water modelled from the radar ratio
2024-07-25,2024,1932.4,1890.7,1974.0,212.3,0.0,599.5,2144.6,1755.2,2534.1,10,Landsat 8 + MODIS Terra,observed,2015-2024,high,vegetated water modelled from the radar ratio
2024-08-10,2024,1930.1,1889.3,1970.9,212.0,0.0,598.8,2142.1,1753.2,2531.1,10,Landsat 8 + MODIS Terra,observed,2015-2024,high,vegetated water modelled from the radar ratio
2024-08-26,2024,1923.2,1882.2,1964.2,211.3,0.0,596.7,2134.5,1746.9,2522.1,10,Landsat 8 + MODIS Terra,observed,2015-2024,high,vegetated water modelled from the radar ratio
2024-09-11,2024,1913.4,1872.7,1954.1,210.2,0.0,593.6,2123.6,1738.0,2509.2,10,Landsat 8 + MODIS Terra,observed,2015-2024,high,vegetated water modelled from the radar ratio
2024-09-27,2024,1899.8,1857.9,1941.7,208.7,0.0,589.4,2108.5,1725.5,2491.5,8,Landsat 8 + MODIS Terra,observed,2015-2024,high,vegetated water modelled from the radar ratio
2024-10-13,2024,1875.5,1830.4,1920.6,2.0,1.0,3.0,1877.5,1832.3,1922.6,10,Landsat 8 + MODIS Terra + ALOS PALSAR,observed,2015-2024,high,"vegetated water radar, measured"
2024-10-29,2024,1862.8,1818.0,1907.6,2.0,1.0,3.0,1864.8,1820.0,1909.6,10,Landsat 8 + MODIS Terra + ALOS PALSAR,observed,2015-2024,high,"vegetated water radar, measured"
2024-11-14,2024,1871.4,1826.3,1916.4,205.6,0.0,580.6,2077.0,1699.2,2454.7,10,Landsat 8 + MODIS Terra,observed,2015-2024,high,vegetated water modelled from the radar ratio
2024-11-30,2024,1858.5,1802.0,1915.1,204.2,0.0,576.7,2062.7,1686.0,2439.5,4,MODIS Terra,observed,2015-2024,high,vegetated water modelled from the radar ratio
2024-12-16,2024,1829.9,1755.3,1904.5,201.0,0.0,567.8,2030.9,1656.6,2405.2,8,Landsat 8 + MODIS Terra,observed,2015-2024,high,vegetated water modelled from the radar ratio
