"date","year","month","pr_chirps","pr_terraclim","pr_era5","pr_ensemble","pet_terraclim","p_minus_pet","tmax_terraclim","tmin_terraclim","tmean_terraclim","tmean_era5","tmean_ensemble","pdsi_terraclim","spei12"
"1984-01",1984,1,112.720065229005,114.770242054693,156.029432032652,127.83991310545,129.619943643755,-1.7800305383044,29.499859571323,19.2898475609756,24.3948535661493,23.6566677915277,24.0257606788385,-2.86886714708056,-1.28475630685451
"1984-02",1984,2,296.185230224872,326.564550997783,224.35846988275,282.369417035135,94.5956189948264,187.773798040308,28.1476265705839,18.9239172209904,23.5357718957871,22.8249212187313,23.1803465572592,-2.13678834072431,-0.924910694676101
"1984-03",1984,3,268.449861163057,260.379915003696,151.872100479372,226.900625548708,100.184259977827,126.716365570881,27.6116084626756,18.4383028455285,23.024955654102,22.5763976116506,22.8006766328763,-1.08676145602365,-0.180380373636369
"1984-04",1984,4,47.333695445219,36.830487804878,26.0452710860396,36.7364847787122,101.432644124169,-64.6961593454564,27.2464477087953,16.8929637841833,22.0697057464893,21.7752105422338,21.9224581443615,-1.57027947154472,-0.0976518060292595
"1984-05",1984,5,45.2438223204575,41.0322616407983,15.6654898194051,33.9805245935536,87.3015142276423,-53.3209896340887,26.4655460088692,15.5067636733186,20.9861548410939,20.9908216575071,20.9884882493005,-0.884902254249817,0.0150519736288559
"1984-06",1984,6,17.5145955751054,37.8155118255728,10.3490011314832,21.8930361773871,68.470747413156,-46.5777112357689,23.5173115299335,13.205347376201,18.3613294530673,18.3904533771845,18.3758914151259,-0.339485864745011,0.00717792603268569
"1984-07",1984,7,14.3270082881303,24.0816796008869,10.0198587808144,16.1428488899439,75.0636760901699,-58.9208272002261,24.431235218034,13.6893366592757,19.0602859386548,18.798663906598,18.9294749226264,-0.132457963784183,-0.158964417677708
"1984-08",1984,8,8.84517228360999,30.0280118255728,4.24828575933417,14.3738232895057,103.007690317812,-88.6338670283067,25.2132113821138,12.6048771249076,18.9090442535107,19.3468736793076,19.1279589664091,-0.113304138950481,-0.20746090390754
"1984-09",1984,9,12.1122736937307,77.4890336289727,6.91654871300242,32.1726186785686,133.993883961567,-101.821265282998,29.3253713968958,15.6454443828529,22.4854078898744,23.127274985912,22.8063414378932,1.19483924611973,-0.0810869706094896
"1984-10",1984,10,29.1606600685894,25.3053861788618,18.1261199685948,24.197388738682,166.625404656319,-142.428015917637,32.0648678861789,18.5671978935698,25.3160328898744,24.9333007797341,25.1246668348042,0.786435883222468,-0.150597561261661
"1984-11",1984,11,100.723027316911,113.963774944568,129.489278874038,114.725360378506,125.569431818182,-10.8440714396761,29.4521313747228,18.4980737250554,23.9751025498892,23.7623637356286,23.8687331427589,1.56011779379157,0.319689073752632
"1984-12",1984,12,292.865773742316,268.946886548411,328.791525147652,296.868061812793,110.35934127864,186.508720534153,28.4418606799705,18.6358490391722,23.5388548595713,23.5214046357868,23.530129747679,2.21980219881744,0.497172350100877
"1985-01",1985,1,277.220276311554,262.166352549889,223.78433010893,254.390319656791,120.577364190687,133.812955466104,28.989711751663,18.7905986696231,23.890155210643,23.4810392789449,23.685597244794,2.30193597560976,1.20026286947664
"1985-02",1985,2,199.404913788237,221.668874722838,165.549171810157,195.540986773744,97.9101191796009,97.6308675941431,28.1073826681449,18.6874824464154,23.3974325572801,22.7322654129686,23.0648489851243,2.28017082409461,0.836883864468999
"1985-03",1985,3,300.432525613571,292.70932187731,184.590338700246,259.244062063709,109.991138211382,149.252923852327,28.0745916481892,18.4639356984479,23.2692636733186,22.7804170829479,23.0248403781332,2.77798715816704,0.958756210469695
"1985-04",1985,4,103.67313646937,86.1624815225425,55.6553879095465,81.8303353004864,94.3059571322987,-12.4756218318123,26.9478510716926,16.5305774205469,21.7392142461198,21.1163220030484,21.4277681245841,3.04611650036955,1.27509930146434
"1985-05",1985,5,19.1013076889942,18.7967941611234,13.9940795740435,17.2973938080537,87.0561492978566,-69.7587554898029,25.0858416481892,14.463949556541,19.7748956023651,19.761729173419,19.7683123878921,2.8078661308204,1.16779019868878
"1985-06",1985,6,14.2743137244072,24.7141167775314,5.34520041411798,14.7778769720189,71.2645740946046,-56.4866971225857,23.6083702882483,11.964156504065,17.7862633961567,17.6770673508984,17.7316653735275,2.55662832594235,1.12234235369655
"1985-07",1985,7,11.1255689101057,14.807862158167,6.14714437807389,10.6935251487822,82.3596831116039,-71.6661579628217,24.5394161123429,12.4044198078344,18.4719179600887,18.1736690632898,18.3227935116893,2.1417610864745,1.07614105845255
"1985-08",1985,8,12.7915421716056,83.816731337768,8.9583424535792,35.1888719876509,98.8233240946046,-63.6344521069537,24.7979101995565,13.0817987804878,18.9398544900222,19.3878266180679,19.1638405540451,2.873845436068,1.17778300379635
"1985-09",1985,9,9.51934043668168,82.1320214338507,6.04407915685028,32.5651470091275,123.606260162602,-91.0411131534743,28.8365594974132,15.7725304878049,22.304544992609,22.5795446043617,22.4420447984853,3.73975997782705,1.21719383862284
"1985-10",1985,10,53.0734469994857,55.6366038433112,30.5261398494941,46.412063564097,154.490911862528,-108.078848298431,30.9354406873614,17.9353067257945,24.435373706578,23.847099018211,24.1412363623945,4.08324815225426,1.3390029157911
"1985-11",1985,11,108.305402275454,119.388848854398,123.35564319101,117.016631440287,132.370746489283,-15.354115048996,29.3134377309683,18.286338691796,23.7998882113821,23.403792084835,23.6018401481086,4.36009192535108,1.3633546365632
"1985-12",1985,12,269.597614658401,267.821147450111,393.140626429505,310.186462846006,108.19104767184,201.995415174165,28.0550609756098,18.7986659275684,23.4268634515891,22.5831055025366,23.0049844770629,4.72722727272727,1.40078407604858
"1986-01",1986,1,357.746901013603,360.120214338507,300.052356781909,339.306490711339,99.7642978566149,239.542192854725,27.4718902439024,18.9139560236512,23.1929231337768,22.5588266913696,22.8758749125732,5.59714209164819,1.78240908926757
"1986-02",1986,2,213.902922754933,251.678658536585,210.011732376967,225.197771222828,109.847942535107,115.349828687721,28.4101967849224,18.7373050628233,23.5737509238729,22.7113378275781,23.1425443757255,5.39448503325942,1.88353183865547
"1986-03",1986,3,167.844795378033,188.485827790096,169.528436444875,175.286353204335,110.682253325942,64.6040998783923,27.779844789357,18.2467997043607,23.0133222468588,22.4623418299295,22.7378320383942,4.73955691056911,1.45978400946925
"1986-04",1986,4,61.7389243292676,71.3334811529934,60.1561084315495,64.4095046379368,94.1429259053954,-29.7334212674586,27.3471766444937,17.9329129711751,22.6400448078344,22.0314478153983,22.3357463116164,4.5097049150037,1.36694239166679
"1986-05",1986,5,11.6822868280283,8.25666112342942,9.6847943351202,9.87458076219265,90.3124454915005,-80.4378647293078,26.119563932003,14.4651376570584,20.2923507945307,19.9021443616864,20.0972475781085,3.81100942350333,1.29199451318494
"1986-06",1986,6,13.7821219235721,27.4070768662232,9.6852613305613,16.9581533734522,71.3447385439763,-54.3865851705241,23.4173983739838,12.1553713968958,17.7863848854398,17.4097229705331,17.5980539279864,3.4247403917221,1.32198402033281
"1986-07",1986,7,12.4652286591229,12.4507668144863,4.96228513049748,9.95942686803557,82.2837315225425,-72.324304654507,24.2274223946785,12.1329092756837,18.1801658351811,17.7739329004849,17.977049367833,2.78097912047302,1.3228946700298
"1986-08",1986,8,6.95222347217663,2.63883961566889,0.709092546515968,3.43338521145383,111.695329822616,-108.261944611163,26.3699297856615,12.5789948263119,19.4744623059867,19.7951004887999,19.6347813973933,1.62520796378419,1.14965561268822
"1986-09",1986,9,8.63936694866225,26.2493255728012,3.90650331253855,12.9317319446673,129.225764966741,-116.294033022073,28.4501321138211,15.0757889874353,21.7629605506282,22.3134417866093,22.0382011686187,1.06895583887657,1.05987454067778
"1986-10",1986,10,69.0967353794969,79.9660938654842,87.1215300502894,78.7281197650902,137.36661954915,-58.6384997840599,30.793580007391,18.1738617886179,24.4837208980045,23.4509304703207,23.9673256841626,1.96049371766445,1.17114552603197
"1986-11",1986,11,125.391809155436,132.040049889135,91.1979901940164,116.209949746196,134.531599223947,-18.3216494777511,30.1306448632668,18.2070962675536,24.1688705654102,23.35435731927,23.7616139423401,2.64543458980045,1.23532128917477
"1986-12",1986,12,206.007388989973,185.924769031781,201.652188271606,197.861448764453,119.469640613452,78.3918081510017,28.7460476718404,18.9750277161863,23.8605376940133,23.3258400362315,23.5931888651224,2.13170315964523,0.832345425373032
"1987-01",1987,1,264.751916859684,270.808120842572,284.183820913858,273.247952872038,119.130818551367,154.117134320671,28.5546701773836,19.112137841833,23.8334040096083,23.1292011321532,23.4813025708808,1.92780099778271,0.408829686542352
"1987-02",1987,2,161.138904488948,140.491241685144,105.904522799058,135.844889657717,115.144381929047,20.70050772867,30.0925138580932,19.3557742054693,24.7241440317812,23.9814532224434,24.3527986271123,0.819774020694752,-0.139576566065588
"1987-03",1987,3,100.709189207043,95.4485218033998,118.69743110154,104.951714037328,120.184124168515,-15.232410131187,29.8750240206948,18.9603778640059,24.4177009423503,23.7281708078089,24.0729358750796,-1.52322653362897,-0.615672912586618
"1987-04",1987,4,36.2530797676646,23.7816796008869,23.8320468323105,27.955602066954,111.800752956393,-83.8451508894393,28.9322893569845,16.9328316703621,22.9325605136733,22.4129897772388,22.6727751454561,-2.41935957132299,-0.998898509633604
"1987-05",1987,5,13.2325359480652,5.01296193643755,5.79791904847467,8.01447231099247,99.2521443089432,-91.2376719979507,27.388801736881,15.4514624907613,21.4201321138211,21.4897669902077,21.4549495520144,-3.08622357723578,-1.01444059610367
"1987-06",1987,6,16.7677036924264,30.3361141906874,10.6295853218821,19.2444677349986,75.4485504434591,-56.2040827084604,24.1171590909091,12.1922034368071,18.1546812638581,17.8747380794876,18.0147096716729,-3.04325009238729,-1.0020009990407
"1987-07",1987,7,9.12594098476987,2.66177014042868,2.07227615537055,4.6199957601897,87.5205857354028,-82.9005899752131,25.1907002956393,11.5494964892831,18.3700983924612,17.8185358848313,18.0943171386462,-3.65388211382114,-1.04429284282147
"1987-08",1987,8,8.27148896026051,10.2087675535846,5.3086391146849,7.92963187617668,105.466729490022,-97.5370976138455,26.0903575388027,14.0450609756098,20.0677092572062,20.6405826038775,20.3541459305418,-4.07765437915743,-1.0006084908884
"1987-09",1987,9,6.69516121138134,6.14608277900961,1.4509060629981,4.76405001779635,133.171112342942,-128.407062325145,29.6558564301552,16.3712629342203,23.0135596821877,23.5322163584832,23.2728880203355,-4.42841805247598,-1.0402254258041
"1987-10",1987,10,38.3581334491886,47.0660938654841,33.2554566430683,39.5598946525803,157.24673503326,-117.686840380679,30.7445426829269,17.4967655210643,24.1206541019956,23.2620985323713,23.6913763171834,-3.90381670362158,-1.14796779151001
"1987-11",1987,11,59.9156194948903,49.6049519586105,36.7022680819147,48.7409465118052,160.006146526238,-111.265200014433,32.2393782335551,19.6952910199557,25.9673346267554,26.0489580777478,26.0081463522516,-4.41374362527716,-1.51023466183395
"1987-12",1987,12,186.636681406675,194.763377679231,169.766053264,183.722037449969,136.587290280857,47.1347471691114,31.0125424981522,19.8058471914265,25.4091948447893,25.5687639390765,25.4889793919329,-4.43417544345898,-1.54234852503847
"1988-01",1988,1,236.204582843009,242.058564301552,222.710883022252,233.658010055604,120.173081116039,113.484928939566,29.7017793791575,19.4918394308943,24.5968094050259,23.9174376015628,24.2571235032943,-4.31467248706578,-1.68993050348822
"1988-02",1988,2,266.422950573938,280.379942719882,230.542083160349,259.11499215139,100.213151330377,158.901840821013,28.0085319660015,19.3385264227642,23.6735291943829,23.1730196314682,23.4232744129255,-3.55195528455285,-1.17613963175703
"1988-03",1988,3,162.703647984247,150.832270879527,137.784015100401,150.439977988058,107.914536215817,42.5254417722415,27.9577087952698,19.4152272727273,23.6864680339985,23.4901517560161,23.5883098950073,-3.55868200295639,-0.837896516871831
"1988-04",1988,4,115.996552040096,79.6612804878049,52.7347578225464,82.7975301168158,100.368011825573,-17.570481708757,28.6111234294161,18.4317904656319,23.521456947524,23.1453284147021,23.3333926811131,-2.83445260532151,-0.412802950848663
"1988-05",1988,5,31.1144747213289,51.3026053215078,22.0083718475756,34.8084839634708,86.0221572431634,-51.2136732796926,25.4992479674797,14.9868301921656,20.2430390798226,20.2379785084378,20.2405087941302,-1.75447274575018,-0.0933506052950939
"1988-06",1988,6,15.7634248792048,27.0839800443459,7.46369794841193,16.7703676239875,75.8777651515152,-59.1073975275276,24.9907705099778,13.5678011825573,19.2792858462676,19.3788463695149,19.3290661078912,-1.28937111973393,-0.115243736245527
"1988-07",1988,7,9.96334450016982,7.29084441980784,7.1580879232884,8.13742561442202,80.2513285291944,-72.1139029147724,24.7491500369549,13.3541574279379,19.0516537324464,19.0948371893439,19.0732454608951,-1.39337001108648,-0.082566747949434
"1988-08",1988,8,10.2539617208223,15.4414264597191,5.16995196214815,10.2884467142299,102.689861419069,-92.4014147048389,25.6676404286771,13.0084368070953,19.3380386178862,19.5216484652739,19.4298435415801,-1.49751450480414,-0.0777331870640554
"1988-09",1988,9,6.25336026886031,1.64153732446415,1.18926612611729,3.02805457314725,134.68654563932,-131.658491066173,29.1172865853659,15.0383351810791,22.0778108832225,22.4376484048474,22.257729644035,-2.01221036585366,-0.0947347552658468
"1988-10",1988,10,53.9888215505758,81.9355136733186,53.6793663513539,63.2012338584161,151.983251108648,-88.7820172502314,31.2280912786401,18.5046553954176,24.8663733370288,24.6146784040446,24.7405258705367,-0.527370842572062,0.0586109844346841
"1988-11",1988,11,78.1042081891467,75.2157612712491,48.3565575562935,67.2255090055631,142.816139135255,-75.590630129692,29.6660227272728,17.3627134146342,23.5143680709535,23.2841452731508,23.3992566720521,-0.738908721359942,0.214295052258032
"1988-12",1988,12,167.528591171902,157.132714338507,163.536978179296,162.732761229902,124.735251293422,37.9975099364796,28.7508795269771,18.69882390983,23.7248517184036,23.2808210641275,23.5028363912655,-1.59030303030303,0.0217667376242514
"1989-01",1989,1,306.802721854651,349.163950480414,279.581055593877,311.849242642981,111.307004804139,200.542237838842,27.965458240946,18.9951838507021,23.4803210458241,22.7739263235544,23.1271236846893,-0.885472099039173,0.538365930949569
"1989-02",1989,2,295.352196784586,342.454166666667,259.208917030658,299.00509349397,95.8172625646712,203.187830929299,27.0392581300813,18.9188858093126,22.979071969697,22.6676476180821,22.8233597938895,1.58643338876571,0.928726713729914
"1989-03",1989,3,287.154136057124,347.950138580931,319.277272792022,318.127182476692,95.390998706578,222.736183770115,26.9931337767923,18.6388580931264,22.8159959349594,22.2690546359835,22.5425252854714,2.77076589061345,1.6748118767978
"1989-04",1989,4,39.339587154488,40.339689578714,37.3979973486459,39.0257580272827,92.2608268662232,-53.2350688389405,26.8589763488544,17.4605044345898,22.1597403917221,21.6977244782452,21.9287324349836,2.19529462305987,1.5127068155657
"1989-05",1989,5,14.1376581688508,7.32455654101996,12.729195040413,11.3971365834279,89.1394558388764,-77.7423192554485,25.6896147450111,14.8406725794531,20.2651436622321,20.3242750821944,20.2947093722132,1.61079794900222,1.2987217264516
"1989-06",1989,6,11.7527267805489,9.08367516629712,8.55320448526511,9.79653547737037,74.2159127864007,-64.4193773090303,24.2226986326682,12.8254933481153,18.5240959903917,18.7346437171026,18.6293698537471,0.596214523281597,1.23975692776145
"1989-07",1989,7,12.3398060049807,13.1959534368071,7.11367858447258,10.8831460087535,86.7078252032521,-75.8246791944986,24.84235218034,12.6673346267554,18.7548434035477,18.4625069123269,18.6086751579373,-0.742989190687362,1.24963248643295
"1989-08",1989,8,14.1237265696869,103.840539541759,4.64009301940465,40.8681197102836,109.30243255728,-68.4343128469967,25.9544262749446,13.0913054323725,19.5228658536585,20.3335894515132,19.9282276525858,0.781058019216556,1.38259821531003
"1989-09",1989,9,8.13349000257694,36.9825110864745,11.4514151205843,18.8558054032119,127.6430654102,-108.787260006988,28.556294345898,14.6474953806356,21.6018948632668,21.8774313322077,21.7396630977372,0.791654379157428,1.44840972433015
"1989-10",1989,10,22.897107595867,37.474445676275,35.0917012023452,31.821084824829,158.787174796748,-126.966089971919,31.0767599778271,17.7646784922395,24.4207192350333,23.7551347407039,24.0879269878686,0.719618163340725,1.23563523598449
"1989-11",1989,11,110.168542176661,107.434737620104,93.4067010377008,103.669993611489,143.029096452328,-39.3591028408398,30.7746701773836,19.2357076866223,25.005188932003,24.2652351151629,24.6352120235829,1.09021507760532,1.39381834155037
"1989-12",1989,12,255.332126077621,204.057446415373,260.454945087478,239.948172526824,115.22053677014,124.727635756684,29.0566019955654,19.2524094604582,24.1545057280118,23.2920755746986,23.7232906513552,0.909017368810053,1.63091054874122
"1990-01",1990,1,304.509525034118,306.366130820399,266.410146833703,292.428600896073,112.47053677014,179.958064125933,28.1401053215078,19.4162232076866,23.7781642645972,23.2146315696002,23.4963979170987,1.29422154471545,1.47248792916379
"1990-02",1990,2,165.247002115863,177.726395048041,170.319143050834,171.097513404913,110.490324279379,60.6071891255336,28.6137767923134,19.1102235772358,23.8620001847746,23.3412884239353,23.6016443043549,0.69430524759793,0.777434101180425
"1990-03",1990,3,94.1592893205549,83.3988266814487,69.6688354252562,82.4089838090866,131.647317073171,-49.2383332640841,29.1544373614191,17.8006984478936,23.4775679046563,23.1959890975821,23.3367785011192,-1.21351496674058,-0.639187249990683
"1990-04",1990,4,59.2119623528518,37.8871212121212,21.862969082554,39.6540175491757,104.141237989653,-64.487220440477,28.3241472653363,17.5134885439764,22.9188179046563,22.92625051958,22.9225342121181,-1.66585587583149,-0.680680092759233
"1990-05",1990,5,42.0763909997774,58.5046193643755,45.8755934046831,48.8188679229453,84.1972699556541,-35.3784020327088,25.9861077235772,15.711442165558,20.8487749445676,20.7211538266748,20.7849643856212,-0.75687389135255,-0.359776725095731
"1990-06",1990,6,13.2770367295113,12.1668422025129,7.43046517473725,10.9581147022538,72.1717784552846,-61.2136637530308,25.2375212490761,14.1111742424243,19.6743477457502,19.8922404561146,19.7832941009324,-1.16212047302291,-0.3648267042424
"1990-07",1990,7,11.3895098607148,9.79590724316334,5.24979277947088,8.811736627783,87.7658231707318,-78.9540865429488,25.1819558388766,12.2581189948263,18.7200374168514,18.8619915106719,18.7910144637617,-1.62626293422025,-0.402847912418779
"1990-08",1990,8,15.1630711557087,82.3454637841833,11.0295253522293,36.1793534307071,99.2374741315596,-63.0581207008525,25.1501866223208,12.6314560236512,18.890821322986,19.4021240574702,19.1464726902281,-0.375975794530673,-0.452754231987807
"1990-09",1990,9,10.9302131264127,60.107160014782,17.4449214826797,29.4940982079581,122.757790096083,-93.2636918881247,27.898639135255,14.2595519216556,21.0790955284553,20.9335855429343,21.0063405356948,0.492399575018477,-0.400798241632483
"1990-10",1990,10,13.8429578519845,3.71074464153732,8.5737735074373,8.70915866698637,175.018077420547,-166.308918753561,32.3927531411678,17.9698863636364,25.1813197524021,24.6927749691028,24.9370473607524,-0.970244179600888,-0.579507648432381
"1990-11",1990,11,76.7713154983524,50.5436714708056,51.4345569174066,59.5831812955215,154.69251940133,-95.1093381058089,31.5199584257206,19.0332132298596,25.2765858277901,25.0910583454954,25.1838220866427,-1.77707150776053,-0.894060829329112
"1990-12",1990,12,135.827273709165,93.7871766444938,97.4567958263778,109.023748726679,141.311480044346,-32.2877313176669,30.6270556171471,19.065177383592,24.8461165003696,25.0714509812465,24.958783740808,-3.14884229490022,-1.38308082812678
"1991-01",1991,1,253.868702838933,251.304222099039,312.067304418216,272.413409785396,116.405404656319,156.008005129076,29.0627466740577,19.2529342202513,24.1578404471545,23.6381343720679,23.8979874096112,-3.25914975979305,-1.62505841223651
"1991-02",1991,2,300.129853469276,272.09896526238,280.760825871612,284.329881534423,100.468271433851,183.861610100572,29.0407658906135,19.3274833702882,24.1841246304509,23.7594200109428,23.9717723206968,-2.84272570214339,-1.38689246284899
"1991-03",1991,3,274.452441572635,255.081577974871,191.524448868281,240.352822805262,106.967456577975,133.385366227288,28.0834793052476,18.903410014782,23.4934446600148,23.0307040896126,23.2620743748137,-2.10043763858093,-0.527704156501583
"1991-04",1991,4,49.4190467519039,38.1692719881745,15.9875097255142,34.5252761551975,100.11604120473,-65.5907650495327,26.6821101256467,17.2610827790096,21.9715964523282,21.4270791715337,21.6993378119309,-2.29390049889136,-0.501108032133844
"1991-05",1991,5,17.4013022485559,14.027300443459,7.0636175681347,12.8307400867165,91.2466121581671,-78.4158720714506,26.0558592017739,15.2790835181079,20.6674713599409,20.6525227613998,20.6599970606703,-2.32751413525499,-0.787110238951981
"1991-06",1991,6,14.2635114786626,13.3191611234294,6.56849605487881,11.3837228856569,74.3253741685144,-62.9416512828575,24.4535485957132,12.6437924981523,18.5486705469328,18.2775629678166,18.4131167573747,-2.51684405025869,-0.797630982030006
"1991-07",1991,7,15.2378068453836,32.6054508499631,10.8262321903648,19.5564966285705,83.9037038063563,-64.3472071777858,24.5799417960089,12.6813858093126,18.6306638026608,18.4049265566185,18.5177951796396,-2.24525748337029,-0.696600765147537
"1991-08",1991,8,9.07279533332991,23.4150036954915,4.92538669702703,12.4710619086162,103.107740206947,-90.6366782983313,25.84382390983,12.7970066518847,19.3204152808574,19.5853126674459,19.4528639741516,-2.36658998521803,-0.810595768627036
"1991-09",1991,9,8.62433630036174,49.5305432372506,8.2499790342417,22.1349528572847,138.651877309682,-116.516924452397,29.7483176274945,15.1036973392461,22.4260074833703,23.1775016941084,22.8017545887394,-2.03729508499631,-0.871368486099142
"1991-10",1991,10,26.1895950191525,25.8985587583149,14.384201260149,22.1574516792055,160.68653917221,-138.529087493004,31.6256771988175,17.5462694013304,24.5859733000739,24.4160507860198,24.5010120430469,-2.14901755358463,-0.74817011418639
"1991-11",1991,11,88.8385707784204,106.459266444937,67.3973221600138,87.5650531277904,137.125663340724,-49.5606102129339,30.2343366592757,18.2820011086475,24.2581688839616,24.0334783968378,24.1458236403997,-1.61314514042868,-0.45583571006406
"1991-12",1991,12,181.357384531495,165.309709903917,127.047924644377,157.90500635993,123.666204730229,34.2388016297004,28.7640659645233,18.537603473762,23.6508347191427,23.4758515122958,23.5633431157192,-2.01903871027347,-0.0694165141592738
"1992-01",1992,1,172.163175534961,183.456116038433,169.956159364883,175.191816979426,128.624651699926,46.5671652794994,29.9524815225425,18.8465437915743,24.3995126570584,24.0210319442681,24.2102723006633,-2.60741186252772,-0.413307655780088
"1992-02",1992,2,48.9573834894438,31.5038710273467,54.7078897146814,45.0563814104906,129.955544161124,-84.8991627506329,29.7735412047302,18.9967692165558,24.385155210643,25.1781848471595,24.7816700289013,-4.24538959719143,-1.59012726595793
"1992-03",1992,3,163.032815068495,124.064209164819,126.876501442136,137.99117522515,117.79016722099,20.2010080041593,29.35323263119,19.0829194382853,24.2180760347376,24.1369120989638,24.1774940668507,-4.92599177753141,-2.11262410484925
"1992-04",1992,4,45.0481362910019,22.2166019955654,22.3535422259914,29.8727601708529,109.139890983001,-79.2671308121479,28.8098235402809,17.8369262749446,23.3233749076127,23.3839799295984,23.3536774186055,-5.92158167036217,-2.16756344204226
"1992-05",1992,5,12.8307034650255,8.35267923133778,11.7491167618007,10.977499819388,94.3701007021434,-83.3926008827554,27.5177845528455,15.7987472283814,21.6582658906135,22.2140622938667,21.9361640922401,-6.77270242054693,-2.14392369575601
"1992-06",1992,6,21.2926712107748,19.2931171470806,11.2628607172031,17.2828830250195,71.9146286031042,-54.6317455780847,24.9851247228382,13.7823216925351,19.3837232076866,19.8068618525644,19.5952925301255,-6.79736197339246,-2.12281992495375
"1992-07",1992,7,11.5451543537406,1.14742239467849,5.69677520304097,6.12978398382004,86.0566435698448,-79.9268595860248,24.5861206577975,12.7530570953437,18.6695888765706,18.5828323382247,18.6262106073976,-7.26020389874354,-2.18091378546266
"1992-08",1992,8,11.4505796545626,2.57223762010347,6.27031690952252,6.76437806139618,106.216638026608,-99.4522599652115,25.2545075757576,12.5765521064302,18.9155298410939,19.3252193922792,19.1203746166865,-7.54536206577974,-2.14576165117915
"1992-09",1992,9,6.49670853256972,0,0.750788581809162,2.41583237145963,136.011522542498,-133.595690171039,29.5381430155211,15.2699270140429,22.404035014782,23.2555915812677,22.8298132980249,-7.72856966001478,-2.17245637014429
"1992-10",1992,10,15.5187467674869,6.73110679970436,3.64884331748412,8.63289896155847,176.203794345898,-167.57089538434,32.5692701404287,18.2502688470067,25.4097694937177,25.5299843676042,25.469876930661,-7.87634183296378,-2.18771835830477
"1992-11",1992,11,83.967531484352,65.2116500369549,70.0940413989858,73.0910743067642,140.214994456763,-67.1239201499986,31.5712370657798,19.411449556541,25.4913433111604,25.1820683680267,25.3367058395935,-7.52202568366593,-2.25171625992608
"1992-12",1992,12,155.649646527539,132.147440872136,147.807598787994,145.201562062556,135.780546932742,9.42101512981441,30.2140567257945,19.7402087952698,24.9771327605321,24.9742343773689,24.9756835689505,-7.87755746489283,-2.44126633519218
"1993-01",1993,1,356.687238692552,287.662509238729,269.311340539209,304.55369615683,112.536463414634,192.017232742196,28.2818671470806,19.1287296747968,23.7052984109387,23.1382955001255,23.4217969555321,-7.2858498706578,-2.20277050563267
"1993-02",1993,2,286.77542918828,217.069077974871,290.087415641325,264.643974268159,102.354823540281,162.289150727878,28.544637841833,19.3691213968958,23.9568796193644,23.2163409465088,23.5866102829366,-6.76787361419069,-1.62871917609185
"1993-03",1993,3,129.342671774866,145.019863266815,84.5436554311521,119.635396824278,105.116580746489,14.5188160777882,27.6224020694753,18.1417618255728,22.882081947524,22.7033072203852,22.7926945839546,-6.48058314855875,-1.50824796633115
"1993-04",1993,4,86.8409162577052,90.9011178861789,31.80043890788,69.8474910172547,97.1932307834442,-27.3457397661896,28.7100175535847,18.1786548410939,23.4443361973393,23.0147363923842,23.2295362948617,-5.20252485218035,-1.02594016027198
"1993-05",1993,5,11.6789418322948,36.6625831485588,13.8059442876102,20.7158230894879,91.7497320768662,-71.0339089873783,27.3489181448633,15.8664754249815,21.6076967849224,21.6789709872028,21.6433338860626,-4.20429406873615,-0.878656236582963
"1993-06",1993,6,22.8600726936986,51.4276792313378,12.3086027632122,28.8654515627495,70.3274177753142,-41.4619662125647,24.2889800443459,13.4694623059867,18.8792211751663,18.7035307154653,18.7913759453158,-3.06184238728751,-0.749035927826765
"1993-07",1993,7,11.5623753014764,3.23159645232816,6.89770697687749,7.23055957689403,80.6914689578714,-73.4609093809774,24.1890502586844,13.6279693274205,18.9085097930525,18.5507072621548,18.7296085276036,-3.00211252771618,-0.721586730902788
"1993-08",1993,8,13.6773667469517,45.3073725055433,14.4057907792144,24.4635100105698,99.9918033998522,-75.5282933892824,25.0465216186253,12.9812370657797,19.0138793422025,19.2832992825802,19.1485893123914,-2.34516518847007,-0.59523829932093
"1993-09",1993,9,7.44804584052031,95.2154933481153,5.39910190884951,36.0208803658284,126.783466371028,-90.7625860051991,28.7812398373984,15.0227078713969,21.9019738543976,22.4450562881954,22.1735150712965,-0.172457779009608,-0.449116554091532
"1993-10",1993,10,32.2243259155305,37.6462583148559,23.7095651427892,31.1933831243918,155.549218403548,-124.355835279156,31.5944290465632,18.8508813747228,25.222655210643,24.7500529044402,24.9863540575416,1.66889449371766,-0.304037380529932
"1993-11",1993,11,86.0503974660234,70.8043699186992,104.50190291916,87.1188901012941,132.434264597191,-45.3153744958973,30.0664929785662,19.4746036585366,24.7705483185514,24.1975739429549,24.4840611307532,1.35251764597191,-0.17765018475986
"1993-12",1993,12,122.465884884017,108.685624538064,96.7677236312579,109.306411017779,139.008244641537,-29.701833623758,30.5863645602365,20.3354554693274,25.460910014782,25.2851238945215,25.3730169546518,-0.488141075388027,-0.321909262192628
"1994-01",1994,1,251.143096746273,254.805164449372,269.908941882771,258.619067692805,108.602180339985,150.01688735282,29.316953067258,19.6313885809313,24.4741708240946,23.7339417169266,24.1040562705106,-1.30644031781227,-0.481123000028588
"1994-02",1994,2,106.989650862848,95.1825203252033,90.4392007437846,97.5371239772787,111.18226533629,-13.6451413590111,28.468580007391,19.4319696969697,23.9502748521803,22.9989104605187,23.4745926563495,-2.82996609386548,-1.15747658821641
"1994-03",1994,3,148.449890058643,120.094706208426,165.947327917926,144.830641394998,114.559986141907,30.2706552530914,28.6553427568367,18.5478584626755,23.6016006097561,22.9951101631774,23.2983553864668,-3.42350120103474,-1.13828639528423
"1994-04",1994,4,30.8795408401272,57.7647450110865,26.9207457475187,38.5216771995774,104.599977827051,-66.0783006274736,27.6507723577236,17.4862601626016,22.5685162601626,21.9151087185905,22.2418124893766,-3.48536077235772,-1.38041636395076
"1994-05",1994,5,12.2093718942108,0.729065040650407,3.08739846371771,5.34194513285965,95.3567488913526,-90.014803758493,26.4880949741315,15.0530367701404,20.770565872136,20.352683445354,20.561624658745,-4.14930968218773,-1.505213718408
"1994-06",1994,6,15.4239932800135,11.6614652623799,5.87494539765846,10.9868013133506,73.247152623799,-62.2603513104484,24.2254111234294,13.6492858462676,18.9373484848485,18.811906089191,18.8746272870197,-4.42989735772358,-1.60978184459071
"1994-07",1994,7,12.172189958306,4.8794623059867,5.15751171620374,7.40305466016547,81.2560042498153,-73.8529495896498,23.4425378787879,13.1392498152254,18.2908938470067,18.1647764781104,18.2278351625585,-4.82560236511456,-1.57957863555383
"1994-08",1994,8,11.4385284800499,37.584386548411,8.04836999772442,19.0237616753951,96.9065567257944,-77.8827950503994,24.9831494826312,13.396604767184,19.1898771249076,19.6856239809021,19.4377505529049,-4.55451311899483,-1.58613444557266
"1994-09",1994,9,8.40009156401236,13.2210458240946,6.76901474376947,9.46338404395881,128.66362158167,-119.200237537712,28.6871831116039,15.6406910569106,22.1639370842572,22.7173309251472,22.4406340047022,-4.69780072062085,-1.61957260051732
"1994-10",1994,10,36.5349311170146,29.8221359940872,29.3800180530341,31.9123617213786,149.103734294161,-117.191372572783,29.8273429416112,17.6984109386548,23.762876940133,23.5030043849734,23.6329406625532,-4.46544447524021,-1.59183037738321
"1994-11",1994,11,29.101944366746,50.557270879527,35.8669360330334,38.5087170931021,163.198855321508,-124.690138228406,32.2835402808573,19.6723715816704,25.9779559312639,26.6194621538488,26.2987090425563,-4.94313128233555,-1.74581594962292
"1994-12",1994,12,135.296753658218,127.16043052476,132.843004552028,131.766729578335,140.523719512195,-8.75698993386001,30.5555718773097,19.4376293422025,24.9966006097561,24.3306346813335,24.6636176455448,-5.65329397634886,-1.76576977211332
"1995-01",1995,1,321.145752116794,338.232631189948,316.210155784501,325.196179697081,101.96450203252,223.231677664561,28.2826838507022,19.486700849963,23.8846923503326,23.2419126558041,23.5633025030684,-4.8420776977088,-1.52432045261696
"1995-02",1995,2,176.796087597938,173.133370288248,142.597899817408,164.175785901198,109.061342387288,55.1144435139105,29.0445777900961,19.7662481522542,24.4054129711752,23.4829150504054,23.9441640107903,-4.75437804878049,-1.33338671433863
"1995-03",1995,3,48.8660715430471,70.3285846267554,41.5710778109954,53.5885779935993,119.330057280118,-65.741479286519,29.4261899482631,18.8113941241685,24.1187920362158,23.7922260068091,23.9555090215124,-5.24466112342942,-1.64902578286393
"1995-04",1995,4,41.7741109264605,32.0065133037694,24.118848726421,32.633157652217,110.527390983001,-77.8942333307837,27.9641500369549,17.8578954175905,22.9110227272727,22.7555702738136,22.8332965005432,-5.47304526977089,-1.72364404608333
"1995-05",1995,5,19.5545729750544,9.43505173688101,15.2247279089506,14.7381175402953,89.0007455654102,-74.2626280251148,26.3074140798226,16.2486733185514,21.278043699187,21.2827541968461,21.2803989480166,-5.61308933850701,-1.63088371104034
"1995-06",1995,6,15.3493018097994,5.35823170731708,6.98849004080968,9.23200785264204,72.6541592756837,-63.4221514230416,24.4748438654841,12.7587851071693,18.6168144863267,18.0040479696606,18.3104312279936,-5.80605441611234,-1.64980458834815
"1995-07",1995,7,12.0463114693834,9.20439763488544,5.64367982657259,8.96479631028048,85.7987721729491,-76.8339758626686,24.9388765705839,13.4214532520325,19.1801649113082,18.7902302853148,18.9851975983115,-5.97781199186992,-1.65014216524583
"1995-08",1995,8,7.99140777571285,22.4905580192166,5.89898976652522,12.1269851871515,102.484235957132,-90.3572507699808,26.1435892461198,14.7421516999261,20.4428704730229,21.2291516076675,20.8360110403452,-5.91220380635625,-1.65893373949818
"1995-09",1995,9,6.23923038217677,1.21546563192905,2.06148790868969,3.1720613075985,132.893215077605,-129.721153770007,29.2269438285292,15.6270546932742,22.4269992609017,23.1430563972265,22.7850278290641,-6.16333028455284,-1.68130712171711
"1995-10",1995,10,11.3663358448675,3.23589246119734,3.35734882498767,5.98652571035082,185.282383592018,-179.295857881667,33.6365733555063,19.513720436068,26.5751468957871,26.7124695996915,26.6438082477393,-6.55781975240206,-1.73675475234077
"1995-11",1995,11,78.8435797487184,71.2802845528455,73.3418418998683,74.4885687338107,154.167878787879,-79.679310054068,32.1491389504805,20.084963045085,26.1170509977827,26.0199520560873,26.068501526935,-6.36747440872137,-1.64215959726818
"1995-12",1995,12,281.615529667102,327.64800443459,217.769052863183,275.677528988292,106.802285661493,168.875243326799,28.4937287509239,19.3763821138212,23.9350554323725,23.4209640415099,23.6780097369412,-4.37677780857354,-0.812833890318871
"1996-01",1996,1,229.101195542057,225.232566518847,245.438995963211,233.257586008038,116.311249076127,116.946336931911,29.1029028085736,19.2654471544715,24.1841749815226,23.8221565415223,24.0031657615224,-3.72927198817443,-1.27159071378607
"1996-02",1996,2,231.064819556566,237.386529933481,234.263929179587,234.238426223211,97.5496286031042,136.688797620107,27.944637841833,19.5713950480414,23.7580164449372,22.933545640336,23.3457810426366,-2.98641694382853,-1.07107793882726
"1996-03",1996,3,280.534249574963,280.539948263119,224.201609630289,261.758602489457,101.549808758315,160.208793731142,27.3686881005174,18.5542636733185,22.9614758869179,22.254168219932,22.607822053425,-1.98186335920177,0.107674601211868
"1996-04",1996,4,43.3952959432936,18.4666389504804,35.3510019982312,32.4043122973351,92.5752143385071,-60.170902041172,26.413240022173,16.8709968588322,21.6421184405026,20.987860365928,21.3149894032153,-2.46765142276423,0.0832238045321511
"1996-05",1996,5,16.0779492885758,41.0908074648928,26.4177967481466,27.8621845005384,81.9002475979305,-54.0380630973921,25.6331383961567,15.8694798595713,20.751309127864,20.6114175748704,20.6813633513672,-1.85869068736142,0.276153749870087
"1996-06",1996,6,16.2241924661593,8.86761825572802,9.68300206309076,11.5916042616594,69.8400970066519,-58.2484927449925,23.9698087583149,12.9115502586844,18.4406795084996,18.4407893633271,18.4407344359133,-2.08030691056911,0.364585022230155
"1996-07",1996,7,13.271721321077,9.77630266075388,9.7430351087681,10.9303530301997,82.2318080192166,-71.3014549890169,24.1340964523282,12.4199907612712,18.2770436067997,17.672179439256,17.9746115230278,-2.26857797487066,0.404371024794364
"1996-08",1996,8,8.38074087810433,13.0834719142646,3.51188124798849,8.32536468011914,106.02660661493,-97.7012419348108,26.2188562453806,13.593506097561,19.9061811714708,20.1434375579476,20.0248093647092,-2.59063507021434,0.34498413815779
"1996-09",1996,9,6.99643549216382,20.554859571323,3.51081203717357,10.3540357002201,131.572706947524,-121.218671247304,29.8491832963784,15.5507418699187,22.6999625831486,23.3425060703608,23.0212343267547,-2.72929610125647,0.394385170960237
"1996-10",1996,10,15.0409817998576,8.04677568366593,6.41743199069844,9.83506315807398,171.277317073171,-161.442253915097,32.3445094235034,18.0552448263119,25.1998771249076,25.0933591611182,25.1466181430129,-3.22739255358463,0.426825175879809
"1996-11",1996,11,67.1659293390219,39.1713876570584,35.4826538027602,47.2733235996135,163.157074094605,-115.883750494991,33.227596082779,20.4473540280857,26.8374750554324,27.5567227469009,27.1970989011666,-3.99162767923133,0.150317838578115
"1996-12",1996,12,348.231896826844,276.231771988175,251.550820793202,292.004829869407,117.495651330377,174.50917853903,29.4732899113082,19.3015918329638,24.387440872136,23.9479421253715,24.1676914987537,-2.91927032520325,-0.225400857528839
"1997-01",1997,1,397.252341484234,303.163414634146,333.867901359115,344.761219159165,103.721935513673,241.039283645492,28.6532603473762,19.4933647450111,24.0733125461937,23.6006918713218,23.8370022087577,-1.85663848854398,0.0575853644108903
"1997-02",1997,2,384.743024117881,393.496618625277,437.056806266598,405.098816336585,74.2327937915743,330.866022545011,27.0447551736881,19.1676191796009,23.1061871766445,22.1172217270792,22.6117044518618,2.52499547302291,1.06816246380251
"1997-03",1997,3,107.310354068853,94.2118625277162,90.7607188574728,97.4276451513472,111.519003141168,-14.0913579898205,28.3059081670362,19.4094124168514,23.8576602919438,23.2713148359925,23.5644875639682,1.45349787509239,0.222380082699515
"1997-04",1997,4,123.559793814151,79.4170546932742,133.293501696929,112.090116734785,93.1023115299335,18.9878052048512,26.5746498521804,17.534948263119,22.0547990576497,21.3785220021479,21.7166605298988,1.70677817812269,0.670377137247848
"1997-05",1997,5,15.8247064700114,4.68755543237251,11.9215821055091,10.8112813359644,96.1649575018478,-85.3536761658834,25.8879951958611,13.8517211751663,19.8698581855137,19.1716883046634,19.5207732450886,1.11020279009608,0.417194320608384
"1997-06",1997,6,11.1833612106526,4.60111788617886,2.10743773669452,5.96397227784199,79.7566759053955,-73.7927036275535,26.6529351441242,13.4259922394678,20.039463691796,19.9395319201651,19.9894978059806,0.123309035476719,0.263731318156398
"1997-07",1997,7,18.0578887976092,28.6819567627495,17.1862711392048,21.3087055665211,79.236796932742,-57.9280913662209,23.9282788248337,13.1324362527716,18.5303575388027,17.6221385630822,18.0762480509424,-0.247298410938655,0.333923321158167
"1997-08",1997,8,7.83943801927648,1.65687361419069,1.66343426046171,3.71991529797629,107.984297856615,-104.264382558639,26.9199251662971,13.0241084626755,19.9720168144863,20.4938245713028,20.2329206928946,-2.02118634515891,0.309532148635419
"1997-09",1997,9,9.1781557485563,51.9240206947524,18.2260700027024,26.442748815337,119.178253880266,-92.7355050649291,29.0638737989653,15.9891204730229,22.5264971359941,23.0549062560238,22.790701696009,-1.57321988174427,0.381776092899224
"1997-10",1997,10,44.3003974094033,58.1621489283075,60.2697415070652,54.2440959482587,143.248798965262,-89.0047030170036,30.2071932742055,18.1357178492239,24.1714555617147,23.0741813927666,23.6228184772406,-0.912817904656319,0.656436550948355
"1997-11",1997,11,106.068280029126,100.860319660015,123.895562127388,110.27472060551,148.123806356245,-37.8490857507358,32.1687019586105,19.449578713969,25.8091403362897,25.7568697791393,25.7830050577145,-0.628034460458242,1.07504574473573
"1997-12",1997,12,294.399486019836,257.271350702143,204.937625085568,252.202820602516,107.782583148559,144.420237453957,29.1599325572802,19.2207991500369,24.1903658536586,23.5891759054068,23.8897708795327,0.94719586104952,1.13187081094772
"1998-01",1998,1,324.733207379634,348.765493348115,305.915219117172,326.471306614974,107.227240391722,219.244066223252,28.9896193643755,20.5539541759054,24.7717867701404,23.9914950088706,24.3816408895055,2.10493348115299,1.3836050717919
"1998-02",1998,2,183.041543147137,221.792950849963,118.271073663637,174.368522553579,113.609087213599,60.7594353399795,28.7653750923873,20.3013784183296,24.5333767553585,23.8871109717888,24.2102438635736,1.97495057280118,0.397636264562607
"1998-03",1998,3,171.814966948607,86.802706947524,122.028783682509,126.882152526213,116.62565225425,10.2565002719634,29.5730219881745,19.8632668144863,24.7181444013304,24.1091973363125,24.4136708688214,0.742000369549149,0.321799655026071
"1998-04",1998,4,27.5609855141813,16.1416019955654,21.5284869237935,21.7436914778467,105.808474685883,-84.0647832080364,28.3472440872136,17.4529397634885,22.9000919253511,22.5817305101752,22.7409112177631,-1.74760024020695,-0.218332790567604
"1998-05",1998,5,10.9184329727454,6.57134146341463,2.01018984511599,6.49998809375869,100.575062823355,-94.0750747295968,27.7126755358463,14.4610024020695,21.0868389689579,21.5744843932247,21.3306616810913,-2.43172653362897,-0.245188796333476
"1998-06",1998,6,12.5702568377545,1.99703436807095,3.19665291181889,5.92131470588144,77.5562241315595,-71.6349094256781,25.2940179231338,12.7754693274206,19.0347436252772,18.822118667881,18.9284311465791,-3.12087767923134,-0.241325859458398
"1998-07",1998,7,13.1311988200558,3.30638396156689,5.38523149395266,7.27427142519177,85.1658333333334,-77.8915619081416,25.1450258684405,12.7755866592757,18.9603062638581,18.2729390727207,18.6166226682894,-3.73615096082779,-0.38843227553344
"1998-08",1998,8,11.4321664737844,71.1954360679971,9.68013077077394,30.7692444375185,102.394820768662,-71.6255763311437,25.6703141167775,13.7304480783444,19.700381097561,19.7054521900796,19.7029166438203,-3.03312583148559,-0.206636541360428
"1998-09",1998,9,6.3902467071707,3.40430524759793,4.81703693790538,4.87052963089134,128.157964708056,-123.287435077165,29.0471997413156,15.457751293422,22.2524755173688,22.4793697779634,22.3659226476661,-3.49952392830747,-0.339133963220452
"1998-10",1998,10,34.4980428912931,22.830413895048,17.5147747330314,24.9477438397908,166.730592202513,-141.782848362722,32.3456060606061,18.499156504065,25.4223812823356,24.9268280093498,25.1746046458427,-3.63007658906134,-0.508674017572529
"1998-11",1998,11,74.7867011077884,55.1760439763489,34.8154699195553,54.9260716678975,150.29286308204,-95.3667914141424,31.9221359940872,19.6125277161862,25.7673318551367,26.1607035308554,25.964017692996,-3.96902041759053,-0.694301892682989
"1998-12",1998,12,213.174667764151,179.634340354767,114.907266781353,169.23875830009,125.127456577975,44.1113017221155,29.4412453806357,19.8301967849224,24.635721082779,25.0910461228762,24.8633836028276,-4.05029194382853,-1.06039731283352
"1999-01",1999,1,445.911677698059,364.439338507022,346.996354153668,385.782456786249,100.588055247598,285.194401538652,28.2142045454546,19.8362684774575,24.025236511456,23.2341716122989,23.6297040618774,-2.88676154841094,-0.970400341131069
"1999-02",1999,2,267.242984881852,323.057335550628,200.010829971225,263.437050134569,100.879152808574,162.557897325995,28.1140206947524,19.4373410938655,23.775680894309,23.0465980422725,23.4111394682907,-1.51143255728012,-0.447307700286348
"1999-03",1999,3,272.25234808357,216.923244641537,139.059162127785,209.411584950964,95.9252078713969,113.486377079567,27.5236456023651,19.3194669253511,23.4215562638581,22.691481695628,23.0565189797431,-0.638464338507022,0.368265498865632
"1999-04",1999,4,86.3005196715161,80.4364005912787,50.2347534754153,72.32389124607,91.2597644124168,-18.9358731663468,27.0646202882483,17.4117849223947,22.2382026053215,21.3844026281406,21.8113026167311,0.67497182187731,0.764166330140104
"1999-05",1999,5,14.9288296053583,4.17537878787879,5.8842461251166,8.32948483945123,92.4896812638582,-84.160196424407,26.2085412047302,14.8899159275684,20.5492285661493,20.123670620951,20.3364495935502,0.311930709534368,0.782941484656284
"1999-06",1999,6,13.3932886745541,19.5385716925351,7.0986029068233,13.3434877579709,75.6365105321509,-62.29302277418,24.6889292313378,13.6624796747968,19.1757044530673,18.6035182243763,18.8896113387218,0.0809946415373247,0.935259274231694
"1999-07",1999,7,14.0664524605104,25.9270325203252,8.41482216923182,16.1361023833558,80.4801616777532,-64.3440592943974,24.2522995195861,12.9016472653363,18.5769733924612,17.9245923531295,18.2507828727953,0.0572233000739099,1.04023994536942
"1999-08",1999,8,9.285482029136,50.4160199556541,7.15049887254056,22.2840002857769,98.2585550628232,-75.9745547770463,25.6666869918699,13.445081300813,19.5558841463415,19.980141905216,19.7680130257788,0.401070029563933,1.00106223045834
"1999-09",1999,9,9.51144838568706,2.17372505543237,8.71565904378379,6.80027749496774,130.658555062823,-123.858277567856,28.8908296378418,14.639667405765,21.7652485218034,21.9403771569779,21.8528128393906,-0.314434589800444,1.0021704720757
"1999-10",1999,10,22.130806718394,3.26422764227642,13.4121293878014,12.9357212494906,160.169000369549,-147.233279120059,30.24830654102,17.2770953436807,23.7627009423503,23.1439653433783,23.4533331428643,-1.38309783813747,0.904289408729821
"1999-11",1999,11,93.6679289843785,83.7682926829268,35.0597896514641,70.8320037729231,146.069733924612,-75.2377301516888,31.560022172949,19.1921664818921,25.3760943274206,25.2342562885853,25.3051753080029,-1.45172034368071,1.0360652325803
"1999-12",1999,12,105.467943423013,118.977124907613,179.004380009207,134.483149446611,141.961609386549,-7.47845993993778,31.4296064301552,19.6503963414634,25.5400013858093,24.8932488405199,25.2166251131646,-2.78518126385809,0.586873463024853
"2000-01",2000,1,268.075698530514,305.856753510717,262.702563226556,278.878338422596,111.334221175166,167.544117247429,28.8674288617887,19.7305155210643,24.2989721914265,23.9085952080943,24.1037836997604,-2.55175868440503,0.213177771504633
"2000-02",2000,2,223.494956793932,279.88506097561,244.230203588383,249.203407119308,98.6397062084257,150.563700910883,28.2761991869919,19.4492304138951,23.8627148004435,23.4047753534418,23.6337450769426,-1.82129397634885,0.126479858552258
"2000-03",2000,3,150.087690531692,154.698189209165,182.319769389969,162.368549710275,104.211722099039,58.1568276112358,27.8363423872875,19.1678760162602,23.5021092017738,22.9498744693539,23.2259918355639,-1.94856531781227,-0.157897217312542
"2000-04",2000,4,68.0013798441023,28.4521064301552,59.6638144698222,52.0391002480266,86.3651376570584,-34.3260374090318,27.7669946415373,17.198432187731,22.4827134146341,21.8277847433291,22.1552490789816,-2.18960541389505,-0.520927910688062
"2000-05",2000,5,20.718433916708,6.085014781966,16.9225088528481,14.5753191838407,85.7349334811529,-71.1596142973122,26.1516167775314,14.8038599408722,20.4777383592018,19.8136815281567,20.1457099436792,-2.3565110864745,-0.474097035667568
"2000-06",2000,6,15.2479178214593,6.43514412416852,8.83410731219864,10.1723897526088,69.0008702882483,-58.8284805356395,24.972825203252,13.9423577235772,19.4575914634146,18.942297151216,19.1999443073153,-2.64503519955654,-0.565475073086206
"2000-07",2000,7,16.8576294026675,15.324741315595,13.0981275098562,15.0934994093729,77.5092932372506,-62.4157938278777,24.1266860679971,12.4898540280857,18.3082700480414,17.8009108738524,18.0545904609469,-2.68633499630451,-0.560915737398087
"2000-08",2000,8,9.33764195465237,3.73716740576497,6.611643116623,6.56215082568011,94.3871267553585,-87.8249759296784,25.0033601256467,12.7931790465632,18.898269586105,18.9579465431965,18.9281080646507,-3.06314116777531,-0.684955462340325
"2000-09",2000,9,6.67767035960813,4.10593126385809,1.60602646581042,4.12987602975888,130.105542313378,-125.975666283619,29.2633324094605,16.0259903917221,22.6446614005913,23.2036524387149,22.9241569196531,-3.46158046932742,-0.703088288584714
"2000-10",2000,10,41.3750409981057,18.4502679231338,52.7562604840658,37.5271898017684,159.199939948263,-121.672750146495,30.3669318181818,17.0828159645233,23.7248738913526,24.7895363742591,24.2572051328059,-3.6002833518108,-0.654082289369649
"2000-11",2000,11,203.067297273001,185.616703621582,250.210996440087,212.964999111556,109.940272542498,103.024726569058,29.5706975240207,18.4410162601626,24.0058568920917,23.1843853982825,23.5951211451871,-1.2441737804878,-0.0505743583232514
"2000-12",2000,12,210.809745531356,243.162814116778,202.259735392681,218.744098346938,111.225934035477,107.518164311462,29.7549381005174,19.6483980044346,24.701668052476,23.2324551173834,23.9670615849297,1.63327864005913,0.608610550050067
"2001-01",2001,1,203.723261636519,171.993237250554,210.836678469147,195.517725785407,107.144346821877,88.3733789635293,28.9173614190688,18.5104619364375,23.7139116777532,22.7885729746187,23.2512423261859,1.2477803030303,0.0997719642602735
"2001-02",2001,2,405.516062299266,400.214412416851,270.873055685617,358.867843467245,92.9343135624538,265.933529904791,27.8514846637103,19.444008684405,23.6477466740576,23.029429407544,23.3385880408008,3.52651127124907,0.958537609094665
"2001-03",2001,3,293.478104675599,261.480487804878,192.371270531212,249.10995433723,98.9666407982261,150.143313539004,27.2933314855876,19.5273558758315,23.4103436807096,22.9091139724509,23.1597288265802,3.72859534368071,1.41947184384815
"2001-04",2001,4,31.6304106790015,21.2082871396896,18.8135754306616,23.8840910831176,98.9854859571322,-75.1013948740147,27.2035273466371,17.996146526238,22.5998369364376,21.8834040850627,22.2416205107501,2.63602309682188,1.3179009909983
"2001-05",2001,5,18.1236218935472,70.0740946045825,9.9749292816852,32.7242152599383,87.3137675535846,-54.5895522936463,25.7564310790836,15.8307871396896,20.7936091093866,20.327288984616,20.5604490470013,3.32615770509978,1.52699416229334
"2001-06",2001,6,11.6596951585565,6.19864190687362,2.18504043677872,6.68112583406962,72.8867655210644,-66.2056396869948,24.2662490761271,12.8772283813747,18.5717387287509,18.1997859802163,18.3857623544836,2.5401309127864,1.53037720004087
"2001-07",2001,7,11.9925111623631,2.40151515151515,8.02007243431537,7.47136624939788,84.8042581300814,-77.3328918806835,24.6443588322247,12.9036991869919,18.7740290096083,18.2036330013931,18.4888310055007,1.73314227642277,1.44140326077976
"2001-08",2001,8,9.77527442353112,28.5992793791574,7.52565928979514,15.3000710308279,110.115861973392,-94.8157909425646,27.2738442350333,13.4399759793052,20.3569101071693,20.3462955930452,20.3516028501072,1.24164994456763,1.44604346171889
"2001-09",2001,9,11.7133358702503,2.57541574279379,5.89844371704503,6.72906511002972,134.690429600887,-127.961364490857,29.735969142646,15.5841472653363,22.6600582039911,22.8157171111305,22.7378876575608,-1.41242073170732,1.49712022886705
"2001-10",2001,10,19.6215262369605,18.2062084257206,4.36699406272225,14.0649095751345,162.542257021434,-148.477347446299,32.01977827051,17.922876940133,24.9713276053215,24.5761183775906,24.773722991456,-2.11245371396896,1.52895018978724
"2001-11",2001,11,81.2170618161323,72.674889135255,23.7195321881446,59.2038277131773,155.236281411678,-96.0324536985006,32.1216583518108,20.2042220990392,26.162940225425,26.7613173941693,26.4621288097971,-2.34772644124169,0.921487408419135
"2001-12",2001,12,255.00603417218,214.2382390983,250.299911090109,239.84806145353,118.770121027347,121.077940426183,30.2202402069475,19.6119743163341,24.9161072616408,24.9692126548256,24.9426599582332,-2.15304610125647,0.920412800457112
"2002-01",2002,1,284.366467248519,203.165733555063,180.585090196298,222.705763666627,115.848867331855,106.856896334772,28.9944235033259,19.7152716186253,24.3548475609756,23.3077860154167,23.8313167881962,-2.33116444937177,1.13321949407537
"2002-02",2002,2,272.090533169186,128.284783813747,167.473849585194,189.283055522709,100.997657058389,88.2853984643204,28.6616056910569,19.0590604212861,23.8603330561715,23.2421875871089,23.5512603216402,-2.92995814855876,-0.378027237833492
"2002-03",2002,3,169.274748219451,186.106688839616,77.7146919058783,144.365376321648,109.73711751663,34.6282588050187,28.5368098669624,19.0197283813747,23.7782691241685,23.4544391222976,23.6163541232331,-2.86477337398374,-1.01255315920663
"2002-04",2002,4,77.8007499978532,54.9199833702883,46.5705921000201,59.7637751560538,100.954265521064,-41.1904903650105,27.8972745750185,17.1175877679232,22.5074311714708,21.8904243443553,22.198927757913,-2.72799473392461,-0.67864790929373
"2002-05",2002,5,12.5986686724227,5.59050258684405,3.61527996659287,7.26815040861988,96.16014781966,-88.8919974110401,27.5698392461197,14.9364818920916,21.2531605691057,20.6376137483349,20.9453871587203,-2.93812980413895,-0.908527289196928
"2002-06",2002,6,19.9571440182146,45.1177475979305,14.4439482667288,26.506279960958,70.851450480414,-44.345170519456,24.2071498521803,13.3396175166297,18.773383684405,18.3438679261398,18.5586258052724,-2.33303871027347,-0.852085665499092
"2002-07",2002,7,11.6446870836483,6.65398189209165,2.73601125420732,7.01156007664908,90.1540502586845,-83.1424901820354,26.3904896526238,13.1513701034738,19.7709298780488,20.2347950163862,20.0028624472175,-2.64407548041389,-0.890670532745028
"2002-08",2002,8,12.5324268058391,115.497080561715,7.04168188543467,45.0237297509962,103.219598115299,-58.1958683643032,26.5223179970436,13.9219466001478,20.2221322985957,20.6119132301121,20.4170227643539,-0.914002402069476,-0.858049042010434
"2002-09",2002,9,10.3150975108806,8.76559497413156,11.2654268068939,10.115373097302,122.766208425721,-112.650835328419,29.1890474870658,15.3369521433851,22.2629998152254,22.5800540507504,22.4215269329879,-0.941982261640798,-0.845546599576082
"2002-10",2002,10,27.7192567391559,8.55989467849224,34.2188464052848,23.4993326076443,155.790873059867,-132.291540452223,31.9169992609017,19.0734922394678,25.4952457501848,24.6548001892638,25.0750229697243,-1.43444318181818,-0.833750189848678
"2002-11",2002,11,53.2016715857965,94.1544623059867,76.7442468924002,74.7001269280611,151.528288063563,-76.8281611355014,31.6527355875831,18.4878871027347,25.0703113451589,24.2734068368363,24.6718590909976,-1.30977679231338,-0.773625382591808
"2002-12",2002,12,189.907661164212,112.058702882483,184.420086072679,162.128816706458,117.214271988175,44.9145447182833,30.300110864745,19.7085522912047,25.0043315779749,23.6897075778011,24.347019577888,-2.37722505543237,-1.19401562702719
"2003-01",2003,1,338.909012594982,173.718052475979,535.902930301576,349.509998457513,109.866203806356,239.643794651156,29.0004776422765,20.1230136733186,24.5617456577975,23.317482499034,23.9396140784157,-3.00276007021434,-1.49340883922325
"2003-02",2003,2,237.104763594968,285.323124538064,244.124968960606,255.517619031212,98.6131180709534,156.904500960259,29.3671637102735,19.9987121212121,24.6829379157428,23.6002477992676,24.1415928575052,-2.88423420177383,-1.14413082646945
"2003-03",2003,3,248.635923837299,527.212259793053,199.37740111279,325.075194914381,101.912533259424,223.162661654957,28.5181762749446,19.7562324464154,24.13720436068,23.264598691362,23.700901526021,2.05518181818182,-0.962315203809234
"2003-04",2003,4,20.9436029299505,18.2283628972653,17.7011216877966,18.9576958383375,105.282747597931,-86.3250517595931,27.8387971175166,17.6061354397635,22.7224662786401,21.4646990832177,22.0935826809289,0.977351348854397,-0.930732392050602
"2003-05",2003,5,14.9690048738591,8.49817997043607,7.1632661781519,10.2101503408157,97.1749870657798,-86.9648367249641,26.7973678861789,14.8885689209165,20.8429684035477,20.3383357602371,20.5906520818924,-0.0161062453806357,-1.00567110923548
"2003-06",2003,6,16.472642327285,26.8377679231338,7.92774850450839,17.0793862516424,72.0274658167036,-54.9480795650612,24.5614218403548,14.3278335181079,19.4446276792313,18.3271602634485,18.8858939713399,-0.395736326681449,-1.01261883004317
"2003-07",2003,7,15.7264572118194,115.313821138211,11.3276720189256,47.4559834563188,79.5523457132298,-32.096362256911,23.8528021064302,12.3572884331116,18.1050452697709,17.2200293782721,17.6625373240215,2.23254951958611,-0.560026276127371
"2003-08",2003,8,11.3217679748843,13.7412232076866,7.75742608266584,10.9401390884123,104.769004065041,-93.8288649766284,26.0138968957871,12.4279028085735,19.2208998521803,19.2750717092652,19.2479857807228,1.80883333333333,-0.611419814801405
"2003-09",2003,9,7.23935811017305,20.5543606799704,5.45159248654783,11.0817704255638,127.168206762749,-116.086436337186,29.5902208056171,15.3431263858093,22.4666735957132,22.4040907441559,22.4353821699346,1.45958037694013,-0.678229523990205
"2003-10",2003,10,13.9416105504116,5.45182002956393,10.3866257325144,9.92668543749664,173.322151699926,-163.395466262429,33.0289597191426,18.410673503326,25.7198166112343,25.0825485577053,25.4011825844698,-0.244084349593496,-0.79868079138496
"2003-11",2003,11,65.4591112614789,23.1415188470067,64.7335851878256,51.1114050987704,146.056636178862,-94.9452310800914,32.342817812269,20.3091454175905,26.3259816149298,25.7109154072732,26.0184485111015,-2.20227753141168,-1.17618800029553
"2003-12",2003,12,107.899408159328,170.230090539542,150.635373402535,142.921624033802,114.046617701404,28.8750063323971,29.9830561714708,19.5715594974132,24.777307834442,24.2716803606511,24.5244940975465,-2.40722450110865,-0.84508655807644
"2004-01",2004,1,261.547164185498,354.566796008869,213.532375629396,276.548778607921,115.913108832225,160.635669775696,29.6776755358463,19.7566740576497,24.717174796748,24.1497310164946,24.4334529066213,-1.58287148928308,-0.0985250258768993
"2004-02",2004,2,183.048009355024,185.68469142646,205.164966658231,191.299222479905,111.425445306726,79.8737771731792,29.1942664449372,19.1814135254989,24.187839985218,23.0635632766527,23.6257016309354,-1.62598762010347,-0.226433494613659
"2004-03",2004,3,139.563702935046,143.667248706578,133.103169464851,138.778040368825,110.138859016999,28.6391813518258,28.2174362527716,19.771508684405,23.9944724685883,23.2999680351901,23.6472202518892,-1.91255506282336,-0.59356417794707
"2004-04",2004,4,82.3378481433861,103.729924242424,65.2638184866894,83.7771969574999,91.3527891722099,-7.57559221470997,26.881612158167,17.6513922764228,22.2665022172949,22.0636278034314,22.1650650103631,-0.589199094604583,-0.274239682277083
"2004-05",2004,5,14.413974965853,6.88013673318552,12.5029038862492,11.2656718617626,84.3382973022912,-73.0726254405286,24.9137324464154,14.4100905395418,19.6619114929786,19.2867391501655,19.474325321572,-0.635176459719143,-0.237362315094779
"2004-06",2004,6,14.4380884917795,67.1092664449372,12.1248766895177,31.2240772087448,70.1128362897265,-38.8887590809817,24.1672025129342,12.3273475609756,18.2472750369549,18.0827989603865,18.1650369986707,1.63039236881005,-0.138746210506984
"2004-07",2004,7,10.1328167448986,3.07133222468588,8.60070692394698,7.26828529784383,84.2541528085736,-76.9858675107298,24.5631420916482,12.4217119364375,18.4924270140429,17.9539756237517,18.2232013188973,1.19031799704361,-0.581710715457876
"2004-08",2004,8,8.36583161833865,200.164892830746,3.57097007634984,70.7005648418117,108.249981522543,-37.5494166807309,27.4319660014782,14.1282501847746,20.7801080931264,20.7004661189076,20.740287106017,4.15897182187731,-0.241362030696735
"2004-09",2004,9,7.14945391953132,0,10.9336962951328,6.02771673822138,125.115898004435,-119.088181266213,28.7519623059867,15.786612158167,22.2692872320769,22.3071729085505,22.2882300703137,4.2999238728751,-0.244914865692851
"2004-10",2004,10,25.0189565775986,31.6756559497413,51.5580178723671,36.0842101332357,159.987316149298,-123.903106016062,31.3670620842572,18.6508407243163,25.0089514042868,24.5408702467855,24.7749108255362,4.42985883222468,-0.107660788310958
"2004-11",2004,11,108.84512494644,87.68809127864,122.622601400318,106.385272541799,134.164227642277,-27.7789551004773,32.1503344419808,20.5788118994826,26.3645731707317,24.1933166593271,25.2789449150294,4.14884959349594,0.29285654012439
"2004-12",2004,12,302.669853686811,223.897801182557,276.232278129053,267.59997766614,107.551479120473,160.048498545667,28.8253159645233,19.0653630820399,23.9453395232816,23.2766107938854,23.6109751585835,4.01236197339246,0.479634712652239
"2005-01",2005,1,236.104397081101,216.495814855876,197.568323807417,216.722845248131,116.884996304508,99.8378489436227,29.4881698078345,19.5105949741316,24.499382390983,23.755236989012,24.1273096899975,3.45448124538063,-0.112432895070583
"2005-02",2005,2,108.880094879552,21.1143662232077,122.034575938476,84.0096790137454,118.841389504804,-34.8317104910588,30.8223235402808,20.0642701404287,25.4432968403548,24.0513127926062,24.7473048164805,1.61988932002956,-1.02430679597867
"2005-03",2005,3,26.8397487368784,76.0525406504065,27.658124863844,43.5168047503763,130.566939209165,-87.0501344587885,29.5289661862528,19.7159395787139,24.6224528824834,23.8688986710141,24.2456757767488,-2.12214652623799,-1.13760044303521
"2005-04",2005,4,42.4356671940966,1.90641167775314,17.8039484726606,20.7153424481701,110.461398743533,-89.7460562953627,28.7604240576496,18.2618652993348,23.5111446784922,22.9843794466628,23.2477620625775,-4.12605829637842,-1.79771070773639
"2005-05",2005,5,15.2444728333641,40.122514781966,14.6569600464483,23.3413158872595,95.2920436067997,-71.9507277195402,27.0864994456763,15.5102124907613,21.2983559682188,20.6398543893839,20.9691051788013,-4.383507390983,-1.64289844051871
"2005-06",2005,6,13.5184804132043,19.9878141167775,5.45836080925626,12.9882184464127,76.0733619733925,-63.0851435269797,26.1153353658537,14.8267387287509,20.4710370473023,20.0128020681509,20.2419195577266,-4.66556457871397,-1.739939346673
"2005-07",2005,7,11.5679592595298,43.2045824094605,7.27563794608118,20.6827265383572,84.1634174057651,-63.4806908674079,24.5427014042868,13.4783148558758,19.0105081300813,18.5334765050643,18.7719923175728,-4.3606456947524,-1.67578741009273
"2005-08",2005,8,7.38794347586335,14.0772450110865,0.500037070427914,7.32174185245924,112.529563932003,-105.207822079544,27.6184007760532,14.2960864745011,20.9572436252772,21.5977958257932,21.2775197255352,-4.77847838137473,-1.91375608828963
"2005-09",2005,9,15.0307354122522,48.2330654101996,23.6897128968195,28.9845045730904,129.630176459719,-100.645671886629,29.6298762010348,15.7193061714708,22.6745911862528,22.8351503359051,22.7548707610789,-4.30287102734663,-1.85765557787406
"2005-10",2005,10,15.4984467666626,6.4164541759054,3.69196157234629,8.53562083830477,167.886213968958,-159.350593130653,32.6859257206209,18.9555469327421,25.8207363266815,24.8506096488245,25.335672987753,-4.74520242054693,-1.88776491416825
"2005-11",2005,11,78.3956449425651,106.288174427199,52.2810845503635,78.9883013067091,160.611638950481,-81.6233376437714,32.3552457501848,20.6494687730968,26.5023572616408,26.7860581259841,26.6442076938124,-4.22776893939395,-1.77182475631199
"2005-12",2005,12,300.529129271645,177.671997413156,246.718330197893,241.639818960898,119.414380081301,122.225438879597,29.3995454545455,19.9894207317073,24.6944830931264,24.557838614945,24.6261608540357,-4.25693191056911,-2.02426328104009
"2006-01",2006,1,365.582572944222,8.77791019955654,216.149536881094,196.836673341624,120.978692719882,75.8579806217423,28.7815927568367,19.4113516260163,24.0964721914265,23.6856364564511,23.8910543239388,-5.75318458980045,-2.63477475239486
"2006-02",2006,2,251.329029217773,6.08682557280119,151.797942364749,136.404599051774,112.326055986696,24.0785430650779,28.7107317073171,19.2181014412417,23.9644165742794,23.9681167225742,23.9662666484268,-7.60051099408722,-3.05934984658761
"2006-03",2006,3,317.412107443286,414.348438654842,205.573794409662,312.444780169263,98.6166897634886,213.828090405775,27.8042941611235,19.821634331116,23.8129642461197,23.0695785368172,23.4412713914685,-6.13047459349594,-2.70147649699418
"2006-04",2006,4,53.1747950547236,28.6578159645233,31.713699379491,37.8487701329126,97.8603510716926,-60.0115809387799,28.1237509238729,18.1661631559497,23.1449570399113,22.0526235232383,22.5987902815748,-6.10046655580192,-2.28723837175067
"2006-05",2006,5,12.338398027428,31.446997413156,9.31164100440721,17.6990121483304,93.9365779748707,-76.2375658265403,26.5483009977827,16.0552596082779,21.3017803030303,20.6700284227353,20.9859043628828,-5.45304342202513,-2.29499509615242
"2006-06",2006,6,13.8390006202241,2.83713968957872,5.50785563188257,7.39466531389512,75.418987435329,-68.0243221214339,24.242034368071,14.0483518107908,19.1451930894309,18.6877109175579,18.9164520034944,-5.5723358277901,-2.33428453405698
"2006-07",2006,7,11.7269982742433,0,4.45018732086172,5.39239519836836,83.1119077974871,-77.7195125991187,24.8135633776792,13.3247089800444,19.0691361788618,18.4451387228905,18.7571374508761,-5.74519493717664,-2.36152460335424
"2006-08",2006,8,7.56899446273601,0,2.96909286228439,3.5126957750068,108.364715447154,-104.852019672148,26.198417405765,14.3080885070214,20.2532529563932,20.4594049150867,20.35632893574,-6.09563719512195,-2.30300742797751
"2006-09",2006,9,10.4113228472669,24.1887379896526,2.21932558759828,12.2731288081726,125.529109386549,-113.255980578376,28.237004804139,15.0251191796009,21.6310619918699,21.3848448179927,21.5079534049313,-5.8137041759054,-2.2545602329509
"2006-10",2006,10,19.9329134056718,24.9723946784923,11.9345255576968,18.9466112139536,164.731380266076,-145.784769052122,32.1533425720621,19.4400314116778,25.79668699187,25.6859628890556,25.7413249404628,-5.6265377864006,-2.15492697635656
"2006-11",2006,11,150.927777984584,114.482834441981,117.049423192607,127.486678539724,143.394400406504,-15.9077218667802,30.7988728750924,19.736057834442,25.2674653547672,25.114302731531,25.1908840431491,-4.67735698447893,-2.08870041859213
"2006-12",2006,12,231.536524271594,189.184719142646,229.007601021283,216.576281478508,119.416271249076,97.1600102294315,30.0750415742794,20.1714634146342,25.1232524944568,24.1764709666877,24.6498617305722,-4.47967461197339,-2.15970462718338
"2007-01",2007,1,354.4791750013,418.747274575019,413.233547950928,395.486665842416,97.2934257206208,298.193240121795,27.9314393939394,19.1511409830007,23.5412901884701,22.8618966961176,23.2015934422938,-2.70620925720621,-0.600197014512209
"2007-02",2007,2,260.587292897328,212.447754988914,236.841287906553,236.625445264265,109.952608093126,126.672837171139,29.5291241685144,19.0485162601626,24.2888202143385,23.5024618102994,23.895641012319,-2.38843181818182,0.319357142305721
"2007-03",2007,3,156.306050130541,109.950582039911,85.4693372606051,117.241989810353,120.720542313378,-3.47855250302511,29.7748956023651,18.1610144124169,23.967955007391,23.2579145502862,23.6129347788386,-2.90754092756837,-0.0572184027325382
"2007-04",2007,4,49.5113706581851,51.7831393200296,27.4013246414351,42.8986115398833,96.0426589061346,-53.1440473662513,28.2555801921656,18.1140354767184,23.184807834442,22.8065666904814,22.9956872624617,-2.75408333333333,-0.0827973389544736
"2007-05",2007,5,14.2886731038099,3.9494918699187,9.52493642550352,9.25436713307737,90.7329915003696,-81.4786243672922,26.904815225425,14.6104462305987,20.7576307280118,20.665238595673,20.7114346618424,-2.98018745380636,-0.201586810837465
"2007-06",2007,6,14.2837314119846,8.39283998521804,4.54971277674597,9.07542805798288,75.6336262010347,-66.5581981430519,25.2357492609017,13.5730035107169,19.4043763858093,18.9308950706761,19.1676357282427,-3.26390077605322,-0.167321839485325
"2007-07",2007,7,15.9940345290151,10.9683203991131,12.4777502538867,13.1467017273383,84.6207621951219,-71.4740604677837,25.1539153732447,12.2824464153733,18.718180894309,17.927356624405,18.322768759357,-3.46533407243163,-0.0780243837353453
"2007-08",2007,8,8.63876735566176,4.44257206208426,2.04788919996056,5.0430762059022,110.986514227642,-105.94343802174,26.9871276792313,12.8392294900222,19.9131785846268,19.8557056761419,19.8844421303843,-3.98771452328159,-0.0448925683038339
"2007-09",2007,9,7.56803905412033,3.84623983739837,4.32510089534327,5.24645992895399,138.166759977827,-132.920300048873,30.5881383961567,15.9582631189948,23.2732007575758,23.1320482323472,23.2026244949615,-4.38624020694752,-0.114694198438277
"2007-10",2007,10,37.6978850124093,8.14651699926091,61.7993583428264,35.8812534514988,162.613459903917,-126.732206452418,32.2689957501848,18.7780155210643,25.5235056356245,24.2984013860066,24.9109535108156,-4.68110606060606,-0.0787284861407465
"2007-11",2007,11,75.9265983128189,90.0341371027347,54.9443272561301,73.6350208905613,145.466189948263,-71.831169057702,32.2739144493718,19.6113331485588,25.9426237989653,25.7107970543745,25.8267104266699,-4.27001422764227,-0.194134784734281
"2007-12",2007,12,285.117906416791,232.49992609017,313.57151193998,277.063114815647,103.492296747968,173.570818067679,29.3951080931264,19.827455654102,24.6112818736142,23.5800711477468,24.0956765106805,-3.50304508499631,0.141640077061734
"2008-01",2008,1,417.103683492053,323.403279748707,391.471238499109,377.326067246623,101.659090909091,275.666976337532,28.517788248337,19.1823614190687,23.8500748337029,23.0238474752815,23.4369611544922,-2.33654138950481,-0.785499046285632
"2008-02",2008,2,122.326800866608,108.14001293422,88.1350535036027,106.20062243481,121.925072985957,-15.7244505511468,28.9705820399113,18.4639929785662,23.7172875092387,23.0115765962467,23.3644320527427,-2.97194493717664,-0.549773182365156
"2008-03",2008,3,122.291754352175,201.036419068736,102.87995892986,142.069377450257,112.952353104213,29.1170243460443,27.4549759793053,18.3652124907613,22.9100942350333,22.1349179293062,22.5225060821697,-2.83027817812269,-0.184996871100295
"2008-04",2008,4,21.5246270306512,20.8377864005913,6.4017776682439,16.2547303664954,108.235212490761,-91.9804821242658,27.4712638580932,16.2652651515152,21.8682645048042,21.5353002749361,21.7017823898701,-3.35746941980783,-0.332178867314868
"2008-05",2008,5,10.5438687774855,14.8359016999261,4.7125830977787,10.0307845250634,95.2267368810053,-85.1959523559418,26.7907529563932,15.1677993348115,20.9792761456024,20.4404835047005,20.7098798251515,-3.44530487804878,-0.274826510137972
"2008-06",2008,6,10.765845634157,8.47459349593496,4.61220830461646,7.95088247823612,74.7405903547672,-66.7897078765311,23.9548992978566,12.86338045085,18.4091398743533,17.795055636604,18.1020977554786,-3.72227540650407,-0.283252050885321
"2008-07",2008,7,9.32588138623557,13.3754711751663,7.70697238627175,10.1361083158912,86.1057381744272,-75.969629858536,25.345310421286,12.6862379896526,19.0157742054693,18.2597791747817,18.6377766901255,-3.89470768662232,-0.327914630930142
"2008-08",2008,8,7.49021742536952,38.2956670362158,3.78693688817035,16.5242737832519,108.199736696231,-91.6754629129788,26.8108573540281,12.7897246858833,19.8002910199557,19.5804753567581,19.6903831883569,-3.764786954915,-0.294800253814116
"2008-09",2008,9,6.28664223735558,72.767876940133,3.09386346721428,27.382794214901,137.246342387288,-109.863548172387,30.2120260532151,15.3120546932742,22.7620403732447,22.9351186497176,22.8485795114811,-2.9278786954915,-0.207086127672699
"2008-10",2008,10,11.2408348641596,36.4889320029564,5.33572312089213,17.6884966626694,175.169211012565,-157.480714349895,33.1326210273467,18.5654046563193,25.849012841833,25.5260171245579,25.6875149831954,-2.85556966001478,-0.187375773826033
"2008-11",2008,11,35.7445739857005,39.5959903917221,71.4266773140158,48.9224138971461,155.77887195122,-106.856458054074,32.9612915742794,19.3513303769401,26.1563109756098,26.0745085568715,26.1154097662406,-3.58256929046564,-0.462759802472733
"2008-12",2008,12,92.5424861617211,292.791823725055,295.327120137449,226.887143341409,104.395225424982,122.491917916427,29.8444549150037,19.3349575018478,24.5897062084257,23.7133700238991,24.1515381161624,-2.23031337767923,-0.226627479041261
"2009-01",2009,1,288.204398348537,310.265927568367,303.673035687336,300.71445386808,110.083890428677,190.630563439403,30.0117322616408,18.7873623429416,24.3995473022912,23.8488783853958,24.1242128438435,-0.537117609016999,-0.0321734775197766
"2009-02",2009,2,186.279225740194,174.008388765706,135.909983143214,165.399199216371,110.872334626755,54.526864589616,30.107293052476,19.73963045085,24.923461751663,23.38054530597,24.1520035288165,-0.773678677014043,-0.144473739096491
"2009-03",2009,3,231.412943738973,207.403797117517,210.216909879812,216.344550245434,106.194233185514,110.15031705992,27.7649907612713,18.4495315964523,23.1072611788618,22.533643391351,22.8204522851064,-0.52497514781966,-0.165724855842729
"2009-04",2009,4,37.715415708354,48.4318274205469,23.9222552002582,36.6898327763864,101.750349223947,-65.0605164475606,27.255762195122,16.1151127124908,21.6854374538064,20.8638982143824,21.2746678340944,-0.706963876570584,0.0420222600241975
"2009-05",2009,5,15.7595895705103,11.3632206208426,10.3938288331415,12.5055463414981,89.3300960827791,-76.824549741281,26.338653917221,15.0515585735403,20.6951062453807,20.4443977766024,20.5697520109915,-0.910868070953437,-0.00334564817911653
"2009-06",2009,6,13.2932607380029,0.980709534368072,4.81723741994823,6.36373589743973,78.5179628603106,-72.1542269628708,26.0938701034738,13.1115696600148,19.6027198817443,19.4384275208681,19.5205737013062,-1.83937093495935,-0.0925546912032934
"2009-07",2009,7,10.7244718076991,9.80863821138212,13.2769797727067,11.270029930596,80.6951219512195,-69.4250920206235,23.7688876570584,12.7584349593496,18.263661308204,17.3266313192792,17.7951463137416,-2.21588220620843,-0.0696348871385294
"2009-08",2009,8,9.35749647581782,7.16223207686623,2.48786251598252,6.33586368955552,102.812245011087,-96.476381321531,25.8958859940872,13.8998558758315,19.8978709349594,19.4480427585261,19.6729568467427,-2.72693006282336,-0.129583127614328
"2009-09",2009,9,8.54791456122549,23.3186529933481,1.43245931438623,11.0996756229866,130.685162601626,-119.585486978639,29.9502078713969,16.1128464523282,23.0315271618625,23.2842721283462,23.1578996451044,-2.83566574279379,-0.202958741013414
"2009-10",2009,10,22.9624433327829,17.6714153732446,13.8645201843055,18.1661262967777,159.750804693274,-141.584678396497,32.0695473022912,19.022270879527,25.5459090909091,24.7086161979165,25.1272626444128,-3.06829406873614,-0.2858244402817
"2009-11",2009,11,74.6509770926156,85.0514320029564,53.228613776941,70.977007624171,147.082568366593,-76.1055607424218,31.8084663710274,18.5576071692535,25.1830367701404,25.0513728698519,25.1172048199962,-2.90589957501848,-0.127529202369732
"2009-12",2009,12,209.484105576064,239.169327420547,164.173249532182,204.275560842931,122.429271064302,81.8462897786293,30.2702965631929,20.2202549889135,25.2452757760532,25.1156156850571,25.1804457305552,-2.41629499260902,-0.317683793052479
"2010-01",2010,1,171.326391250485,173.364587952698,177.536391405555,174.075790202912,133.130615299335,40.9451749035776,30.6513950480414,20.1190650406504,25.3852300443459,24.8994256570483,25.1423278506971,-2.82980728011825,-0.906828218982333
"2010-02",2010,2,336.629068685197,228.245962675536,297.596011127878,287.490347496204,99.7641925351072,187.726154961096,30.3687823355506,19.9233462675536,25.1460643015521,23.8031198804235,24.4745920909878,-2.73411308203991,-1.23356950472272
"2010-03",2010,3,86.4646739647009,124.128362897265,107.07053090196,105.887855921309,110.000808388766,-4.11295246745712,29.0737777161863,19.3806152993348,24.2271965077606,23.6703177452849,23.9487571265227,-3.06474122320769,-1.54772477569403
"2010-04",2010,4,112.450200741507,81.2119179600888,43.6260917487502,79.0960701501152,98.8771489283075,-19.7810787781923,28.8112638580932,18.9811280487805,23.8961959534368,23.5012720338731,23.6987339936549,-2.36672422394679,-1.43206248475761
"2010-05",2010,5,12.9898503870489,10.0537324464154,9.132220500652,10.7252677780388,93.5169419807835,-82.7916742027447,26.7138839615669,16.1855617147081,21.4497228381375,21.5559734146581,21.5028481263978,-2.3652322616408,-1.42126249305155
"2010-06",2010,6,15.5167677214566,0.102004804138951,10.2046142104332,8.60779557867625,72.5402743902439,-63.9324788115677,24.4108832224686,13.5483665927569,18.9796249076127,18.6231980202351,18.8014114639239,-2.77777078713969,-1.40729343118491
"2010-07",2010,7,13.4709748086669,49.355524759793,12.0836181940551,24.9700392541717,78.8794475240207,-53.909408269849,24.7337435328899,13.8919539911308,19.3128487620104,18.3411989363268,18.8270238491686,-2.05014153732447,-1.29891255765996
"2010-08",2010,8,9.35796702352167,50.4848762010348,9.2251012163575,23.0226481469713,99.5542156319291,-76.5315674849578,25.5412980413895,12.9309700665188,19.2361340539542,18.580098586418,18.9081163201861,-1.55082612712491,-1.16629598711534
"2010-09",2010,9,7.58756188851578,0.470888765705839,1.78275696501582,3.28040253974581,129.847150776053,-126.566748236308,28.45440872136,14.7318671470805,21.5931379342202,22.2428646595711,21.9180012968957,-1.98933056171471,-1.19155522581761
"2010-10",2010,10,23.1327630374572,17.4488266814486,11.5249715234509,17.3688537474522,177.438848854398,-160.069995106945,33.9395898004434,19.2684016999261,26.6039957501848,25.6069690473799,26.1054823987823,-2.34502762379896,-1.19865553735425
"2010-11",2010,11,112.283690590124,14.6730598669623,70.9843084819357,65.9803529796741,157.048786031042,-91.068433051368,33.2504988913526,20.380162601626,26.8153307464893,26.5347685958368,26.6750496711631,-3.52657095343681,-1.46695779539921
"2010-12",2010,12,210.151339693589,126.918107908352,311.169802146784,216.079749916241,112.072854767184,104.006895149057,29.9344733924612,19.2416167775314,24.5880450849963,23.6637682184885,24.1259066517424,-4.03441472653363,-1.86170795402199
"2011-01",2011,1,273.307528550993,311.636825572801,237.651545759653,274.198633294482,110.817458425721,163.381174868762,29.0310966371028,19.1141703621581,24.0726334996304,23.7165715332122,23.8946025164213,-3.5506723946785,-1.6237506246756
"2011-02",2011,2,114.57784582177,434.874491869919,65.849900399357,205.100746030349,115.292764227642,89.8079818027064,29.0651201034738,19.1733444198078,24.1192322616408,23.0274261675735,23.5733292146072,-1.4807152623799,-0.343873003941207
"2011-03",2011,3,165.150639305346,217.062093495935,144.569702003458,175.594144934913,106.32521526238,69.2689296725332,28.1996175166297,18.6910522912048,23.4453349039172,23.3732961861077,23.4093155450124,-1.09451644493718,0.0780695108056226
"2011-04",2011,4,94.1678596430466,73.4293976348854,57.807585794644,75.1349476908587,91.4204674796748,-16.2855197888161,28.041286954915,17.8480561714708,22.9446715631929,22.4472923345003,22.6959819488466,0.0857131374722838,0.042645477108958
"2011-05",2011,5,15.1721734896692,66.164467849224,4.63636624436774,28.6576691944203,91.132093495935,-62.4744243015147,26.6389837398374,15.442507390983,21.0407455654102,21.4752267974792,21.2579861814447,2.85198161492978,0.103040273542757
"2011-06",2011,6,15.5852469954793,13.5093588322247,4.8672465340795,11.3206174539278,77.5791500369549,-66.2585325830271,25.2629416112343,14.2237509238729,19.7433462675536,20.0634344753397,19.9033903714466,2.40003556910569,0.215909466443081
"2011-07",2011,7,13.4709748868702,17.0268385070214,6.72207965398279,12.4066310159581,86.1877097191427,-73.7810787031846,24.5172376201035,12.8771461566888,18.6971918883961,18.2864510702481,18.4918214793221,2.07439375461936,0.117917909015896
"2011-08",2011,8,9.7952979174269,20.8624907612713,4.26813676756893,11.6419751487557,104.315077605321,-92.6731024565658,24.8619761640798,13.0033739837398,18.9326750739098,19.3010590102804,19.1168670420951,1.67873577235773,0.0056482810544333
"2011-09",2011,9,8.77961332217004,21.5495750184775,1.52734655331406,10.6188449646539,131.868067257945,-121.249222293292,29.3359571322986,15.4251293422025,22.3805432372505,23.4025336078471,22.8915384225488,1.25666546563193,0.0459794088811293
"2011-10",2011,10,31.6386440257218,32.9286123429416,50.6599878925163,38.4090814203932,157.420753880266,-119.011672459873,32.0705487804878,18.7352254249815,25.4028871027347,25.0064689161729,25.2046780094538,1.01373632668145,0.146912549558298
"2011-11",2011,11,76.2940511409728,44.7355136733186,123.975943161646,81.668502658646,147.742903732447,-66.0744010738006,31.950873059867,18.7431005173688,25.3469867886179,25.9836787941592,25.6653327913885,-1.39272681079084,0.377258837262474
"2011-12",2011,12,113.958459959515,96.6967294900223,110.092065599097,106.915751682878,134.986937361419,-28.071185678541,29.6422283813747,19.8255533998522,24.7338908906135,25.0805077707147,24.9071993306641,-2.71877226533629,0.432679126186976
"2012-01",2012,1,406.715727209376,537.866195491501,305.583494302751,416.721805667876,104.972276422764,311.749529245111,27.860450849963,18.7576570583888,23.3090539541759,23.1787759532079,23.2439149536919,0.598512749445676,0.990026243070446
"2012-02",2012,2,193.734620609516,184.526016260163,124.923583350837,167.728073406839,113.105520140429,54.6225532664099,29.4082751293422,19.6797089800443,24.5439920546933,23.7653563507711,24.1546742027322,0.320161677753141,0.0706869360138342
"2012-03",2012,3,217.182656654445,245.484460458241,159.653232110181,207.440116407622,108.75067165558,98.6894447520421,28.4238821138212,18.7691666666667,23.5965243902439,23.3156247694712,23.4560745798576,0.96382751293422,0.252215605367113
"2012-04",2012,4,80.8387086958529,28.6451219512195,38.1656994635972,49.2165100368899,102.627208056171,-53.4106980192816,26.6850027716186,16.2994299704361,21.4922163710274,20.7700672137396,21.1311417923835,0.231684405025868,-0.0185369436959268
"2012-05",2012,5,14.3953621197091,33.6744641537325,4.59435755638194,17.5547279432745,96.9003769401331,-79.3456489968585,26.3863922764228,14.3496655580192,20.368028917221,20.3492076706617,20.3586182939414,0.260428677014043,-0.0951331420117871
"2012-06",2012,6,15.9800852776958,25.23779563932,7.72667923985532,16.3148533856237,75.1993061714708,-58.8844527858471,24.8541925351072,12.7373706577975,18.7957815964523,19.1823993774978,18.9890904869751,0.0127616407982259,-0.159007847543175
"2012-07",2012,7,11.5317172497979,3.91760901699926,2.16548928276796,5.87160518318836,88.5487629342202,-82.6771577510319,25.5370759423503,11.8702087952698,18.70364236881,18.4175993059303,18.5606208373702,-1.22426367331855,-0.267858437059211
"2012-08",2012,8,8.38338472142777,21.5206393200296,5.15524571868973,11.6864232533824,105.518181818182,-93.8317585647994,26.4036677753141,13.5413913525499,19.972529563932,21.2832814683599,20.6279055161459,-1.70426940133038,-0.275946890092677
"2012-09",2012,9,7.15480657538029,18.9849131559498,1.90713644588881,9.34895205907295,134.114496489283,-124.76554443021,28.6245205099778,14.1670149667406,21.3957677383592,23.9860639735712,22.6909158559652,-2.00383028455284,-0.278899196978836
"2012-10",2012,10,25.4634404064605,16.0023558758315,10.0304998957274,17.1654320593398,170.947327235772,-153.781895176433,32.4357723577236,18.9919068736142,25.7138396156689,25.8460251348253,25.7799323752471,-2.42462555432373,0.0706876846669099
"2012-11",2012,11,58.539332704355,40.7555155210643,34.3312635318725,44.5420372524306,148.208494087214,-103.666456834783,31.0793985587583,19.4320094235033,25.2557039911308,25.4836037705794,25.3696538808551,-3.10414615668884,0.00425368566164578
"2012-12",2012,12,218.515161011753,201.553760162602,214.331973964885,211.466965046413,118.631608462675,92.8353565837378,29.6290946045824,19.3357150776053,24.4824048410939,24.0575349888085,24.2699699149512,-2.9441153917221,0.454081885122433
"2013-01",2013,1,314.127596535614,385.429083518108,370.168675600675,356.575118551466,102.243890428677,254.331228122789,28.5343616038433,20.0462961936438,24.2903288987435,23.3462795923928,23.8183042455682,-1.59746535476718,0.124952376598404
"2013-02",2013,2,195.789349764774,273.769964892831,290.597325670711,253.385546776105,109.684626755359,143.700920020747,28.3023678861789,19.5215059127864,23.9119368994826,22.9165272007791,23.4142320501309,-0.312312915742794,0.238345448321924
"2013-03",2013,3,143.503298390427,138.834035476718,87.0544280322663,123.130587299804,118.345194013304,4.78539328650017,27.9940918329638,18.6829083518108,23.3385000923873,22.8512722432332,23.0948861678103,-0.82574371766445,-0.21428971765218
"2013-04",2013,4,61.7475061749668,37.2622505543237,27.3302955565156,42.1133507619354,107.266790465632,-65.1534397036966,27.402086104952,17.0546544715447,22.2283702882483,21.8861163285883,22.0572433084183,-1.41323715816704,-0.104961127663652
"2013-05",2013,5,29.1413232191873,49.6327050997783,5.58900798533039,28.121012101432,95.5930349223946,-67.4720228209626,25.9617719881744,14.31713045085,20.1394512195122,20.0328485023173,20.0861498609147,-0.648604397634886,0.0888643401315209
"2013-06",2013,6,17.7459418910441,13.9490391722099,6.78961723414145,12.8281994324651,76.2593819290467,-63.4311824965815,24.7643957871397,12.9638876570584,18.864141722099,18.7731941662342,18.8186679441666,-1.10982363266815,0.0931821650648046
"2013-07",2013,7,17.6903515763005,8.93113451589062,8.58069223594297,11.7340594427114,85.7902032520325,-74.0561438093212,24.803321322986,12.295976533629,18.5496489283075,17.7698955834381,18.1597722558728,-1.52804185144124,0.164690078714759
"2013-08",2013,8,10.8799361332906,4.42784552845529,4.32663689770058,6.54480618648214,109.928442350333,-103.38363616385,27.0261077235772,13.2324417960089,20.1292747597931,20.3545882039584,20.2419314818757,-2.15649417960089,0.0990089628397039
"2013-09",2013,9,10.5271366483978,1.1020140428677,11.733145486436,7.78743205923383,134.922624722838,-127.135192663604,30.2967415003696,15.8973826681449,23.0970620842572,23.663686015139,23.3803740496981,-2.73565465631929,0.0457932291079372
"2013-10",2013,10,55.1867649014425,50.8451681448633,39.1609012938098,48.3976114467052,154.184507575758,-105.786896129052,31.0783379526977,17.8807113821138,24.4795246674058,23.6829566580544,24.0812406627301,-2.25630376940133,-0.230261837255466
"2013-11",2013,11,54.1154165195718,40.204933481153,24.9427693694611,39.7543731233953,159.482019586105,-119.72764646271,32.3695546932742,19.2397662601626,25.8046604767184,26.5865076339045,26.1955840553115,-3.0689030857354,-0.337449007564121
"2013-12",2013,12,174.88852690633,223.206605691057,172.578444688718,190.224525762035,126.45773466371,63.7667910983245,29.560118255728,19.3193597560976,24.4397390059128,24.6067010353505,24.5232200206317,-2.76910957132299,-0.442501570181872
"2014-01",2014,1,300.200159823649,173.515733555063,279.239720160123,250.985204512945,108.722313377679,142.262891135265,28.566916112343,19.2239467849224,23.8954314486327,23.5157657661249,23.7055986073788,-3.04763784183296,-0.918167401558508
"2014-02",2014,2,250.220371977251,371.602577605322,360.585149938627,327.469366507067,92.6071775683666,234.8621889387,28.3447653362898,19.3688303769401,23.856797856615,22.7279216756805,23.2923597661477,-1.6269126940133,-0.284263517352797
"2014-03",2014,3,104.513718379472,100.254259053954,65.2435394045941,90.0038389460068,119.192915742794,-29.1890767967869,28.4665317812269,18.9393089430894,23.7029203621582,23.4706857692048,23.5868030656815,-2.27249085365854,-0.757633475084153
"2014-04",2014,4,59.4406508178011,52.1334534368071,32.2418096070007,47.9386379538696,98.737736511456,-50.7990985575863,27.2057298595713,17.1588821138212,22.1823059866962,22.1210328439541,22.1516694153252,-2.19959728381375,-0.720933384444348
"2014-05",2014,5,25.696554783344,11.7283998521803,7.92113434555982,15.1153629936947,94.5369761640799,-79.4216131703852,26.9608481152993,15.3455644863267,21.153206300813,20.533813422955,20.843509861884,-2.3599445676275,-0.874262988409668
"2014-06",2014,6,15.7556865121698,23.3731984478936,7.14362578630668,15.42417024879,76.6839606430156,-61.2597903942256,25.0467858462676,13.3401007021434,19.1934432742055,18.9927828604687,19.0931130673371,-2.35930672579453,-0.808690247160417
"2014-07",2014,7,17.69397089026,23.1558481152993,10.4832910606978,17.1110366887524,81.8178547671841,-64.7068180784317,24.9412361419069,13.6467248706578,19.2939805062824,18.7788430574628,19.0364117818726,-2.31117193274205,-0.802990841171729
"2014-08",2014,8,10.8732668365466,2.29775498891353,6.05315157446215,6.4080577999741,106.371242609017,-99.963184809043,26.8956725794531,13.4560975609756,20.1758850702143,20.2708980220437,20.223391546129,-2.86881236141907,-0.814440130872071
"2014-09",2014,9,10.5685484350335,21.6659368070954,4.91270970596572,12.3823983160315,131.801390428677,-119.418992112646,29.0671461566889,15.225059127864,22.1461026422764,22.2503012302635,22.19820193627,-2.98013811899483,-0.778696609473733
"2014-10",2014,10,26.7844498193416,36.7108832224686,14.7334873894251,26.0762734770784,171.08456947524,-145.008295998162,31.9929277531412,17.6615502586844,24.8272390059128,24.1373524798613,24.482295742887,-2.83553723207687,-0.831128299867035
"2014-11",2014,11,55.8585860913435,45.9077235772358,21.4056421248393,41.0573172644729,157.106677753141,-116.049360488668,31.5845371396896,19.2864763488544,25.435506744272,25.7967550027384,25.6161308735052,-3.47008231707317,-0.766283876287243
"2014-12",2014,12,217.653213689566,102.403584626755,182.948536861336,167.668445059219,131.407965631929,36.2604794272901,30.248713045085,19.6327346637103,24.9407238543976,25.590507674065,25.2656157642313,-4.46913627124908,-1.07513523827154
"2015-01",2015,1,324.215614985309,442.699713599409,599.856113670049,455.590480751589,97.3886844050258,358.201796346563,28.6419706208426,19.700799150037,24.1713848854398,22.565638237793,23.3685115616164,-2.96138848854398,-0.89037326569595
"2015-02",2015,2,187.078632125524,323.662361419069,290.619036941559,267.120010162051,102.428788802661,164.69122135939,29.3805025868441,19.7577041759054,24.5691033813748,23.1415564319599,23.8553299066673,-1.56145232815965,-1.58795005335379
"2015-03",2015,3,160.627028621705,350.737038063563,70.0711501193018,193.811738934856,115.453021988174,78.3587169466819,27.9587065779749,18.656938285292,23.3078224316334,22.9157045279273,23.1117634797803,1.61385596821877,-0.320863962380423
"2015-04",2015,4,35.9536274457249,25.3930617147081,36.6977272913253,32.6814721505861,105.506876385809,-72.8254042352232,27.8224750554324,17.4054166666667,22.6139458610495,22.1625701323473,22.3882579966984,0.741908721359941,-0.581317342936047
"2015-05",2015,5,22.3840046055537,3.04224870657798,1.80575809032006,9.07733713415059,98.6267839985216,-89.5494468643711,27.1851616777531,14.7705663340724,20.9778640059128,20.9837092067844,20.9807866063486,-0.0243033998521805,-0.653918361971303
"2015-06",2015,6,15.2677521758021,15.5947062084257,4.50020054086804,11.7875529750319,76.7836215816704,-64.9960686066385,25.2363553215077,13.3210107169253,19.2786830192165,19.1117331681819,19.1952080936992,-0.933113359201774,-0.755776815707721
"2015-07",2015,7,17.7114233180059,8.70741869918699,2.82161695991572,9.74681965903621,87.428321322986,-77.6815016639498,26.1756993717665,13.9405413895048,20.0581203806356,19.1555700489818,19.6068452148087,-2.2671419992609,-0.750468029862358
"2015-08",2015,8,10.8726825660165,3.63361973392461,1.37979556890025,5.29536595628045,110.615246674058,-105.319880717777,27.345487804878,13.0463377679231,20.1959127864006,20.5876469143438,20.3917798503722,-3.21005284552846,-0.765468621458957
"2015-09",2015,9,11.2369536166003,7.68311160384332,3.68299096711288,7.53435206251882,133.621078159645,-126.086726097126,29.8418477457502,15.7768024759793,22.8093251108648,23.2511344262684,23.0302297685666,-3.60738691796009,-0.773193786581042
"2015-10",2015,10,15.0004180590005,15.6649575018478,2.81913135302405,11.1615023046241,171.928928307465,-160.767426002841,33.3541851441242,18.9328695491501,26.1435273466371,26.0565560846712,26.1000417156542,-3.90402337398374,-0.860919171540195
"2015-11",2015,11,67.2249941463971,39.9488821138211,77.6901829454276,61.6213530685486,168.05160661493,-106.430253546381,32.7265391722099,19.393883037694,26.060211104952,25.7987484539468,25.9294797794494,-4.65646489283075,-0.766291969431141
"2015-12",2015,12,176.461990462374,135.709275683666,145.615970450289,152.59574553211,133.678624353289,18.9171211788207,31.3847893569845,19.7375563562454,25.5611728566149,25.5307078326333,25.5459403446241,-5.20289809682188,-0.72084705228055
"2016-01",2016,1,175.796542553719,295.392026977088,189.833539204521,220.340702911776,127.297035291944,93.0436676198321,28.8886456023651,19.5269937176645,24.2078196600148,24.3350296374806,24.2714246487477,-4.87487989652624,-0.532595840869126
"2016-02",2016,2,212.470385944956,114.500997782705,91.6645232819378,139.545302336533,120.436079083518,19.1092232530148,30.2215613451589,19.990932187731,25.1062467664449,24.9414477519187,25.0238472591818,-5.46418514412417,-1.13782972759671
"2016-03",2016,3,182.655011727747,143.592553584627,252.061851345237,192.769805552537,114.80604767184,77.9637578806964,29.3142729120473,19.5328455284553,24.4235592202513,24.496312217557,24.4599357189042,-5.565,-1.81771115351606
"2016-04",2016,4,38.4911126770769,61.7204268292683,51.5069970208457,50.5728455090636,98.7184432742055,-48.1455977651419,27.4575424981523,17.2573706577975,22.3574565779749,22.4157881699885,22.3866223739817,-5.11638118994826,-1.60092008539609
"2016-05",2016,5,25.9277371590217,9.75620842572063,9.84860002487346,15.1775152032053,91.4918985587585,-76.3143833555533,25.7289218403548,14.5728362897265,20.1508790650407,19.604708969548,19.8777940172943,-5.12128233555063,-1.5185531781464
"2016-06",2016,6,19.293128842898,16.0526792313378,7.83255119604387,14.3927864234265,79.2652041759054,-64.8724177524789,24.6903122690318,12.8560328898744,18.7731725794531,18.5837391478136,18.6784558636333,-5.09014320029564,-1.50370457263851
"2016-07",2016,7,20.7025083790917,19.8240114560237,10.6396948582598,17.0554048977917,83.8903399852182,-66.8349350874265,24.7058194752402,13.670436067997,19.1881277716186,18.8192859953818,19.0037068835002,-4.95323725055432,-1.49936673439369
"2016-08",2016,8,10.2529040427894,5.51583518107909,4.72575956724254,6.831499597037,108.133469142646,-101.301969545609,26.1059922394679,13.4244844789357,19.7652383592018,20.1674644667296,19.9663514129657,-5.2502226533629,-1.45765941767466
"2016-09",2016,9,9.02448261727685,2.30760347376201,1.41712190726789,4.24973599943559,130.667177568367,-126.417441568931,29.7357806725795,16.1727032520325,22.954241962306,23.6293448410555,23.2917934016808,-5.50069844789357,-1.46201277520291
"2016-10",2016,10,35.7882392126783,22.7458056171471,6.48872033301292,21.6742550542794,165.320760347376,-143.646505293097,31.1953298226164,19.8974103843311,25.5463701034738,26.0380514289269,25.7922107662004,-5.42722283813747,-1.39208611199465
"2016-11",2016,11,84.9002782312942,46.3739837398374,91.7396695394428,74.3379771701915,144.563846082779,-70.2258689125877,31.5436308203991,19.5628713968958,25.5532511086475,26.036683249395,25.7949671790213,-5.66570676274945,-1.47561726021388
"2016-12",2016,12,166.598189890053,170.580838876571,160.576549586335,165.918526117653,122.852142461197,43.0663836564557,29.641715631929,19.7029157427938,24.6723156873614,24.868268939943,24.7702923136522,-5.62420362158167,-1.36328424237393
"2017-01",2017,1,234.699562431731,271.568228011826,303.366504448582,269.878098297379,105.086233370288,164.791864927091,28.8163100517369,19.5975092387287,24.2069096452328,23.8213856525655,24.0141476488991,-5.09017368810052,-1.48038172075357
"2017-02",2017,2,237.055985615775,298.819826311899,167.061873135679,234.312561687785,109.527402069475,124.785159618309,28.7378926459719,19.0772875092387,23.9075900776053,23.9253021431053,23.9164461103553,-3.98565964523282,-0.696763662000497
"2017-03",2017,3,147.712986289016,200.094780118256,158.738866599843,168.848877669038,105.826037509239,63.0228401597994,27.7004416112343,18.2100609756098,22.9552512934221,22.5937713081314,22.7745113007768,-3.54596082779009,-0.395894189670721
"2017-04",2017,4,35.3748016422303,51.7758592017739,31.4449473999942,39.5318694146661,95.5890003695493,-56.0571309548831,27.323520879527,17.6337620103474,22.4786414449372,21.7154703124398,22.0970558786885,-3.2942396526238,-0.402415999728772
"2017-05",2017,5,30.4435980366948,37.2188470066519,9.07191547809535,25.578120173814,89.5653094974132,-63.9871893235991,26.1607261640798,15.9998457132299,21.0802859386548,21.1420151127315,21.1111505256932,-2.57232446415373,-0.293239434109262
"2017-06",2017,6,16.400620058839,20.702854767184,6.39386095667023,14.4991119275644,73.4970676274945,-58.99795569993,25.2902152623799,13.905939578714,19.5980774205469,19.1969289478112,19.3975031841791,-2.38953436807095,-0.304907444499867
"2017-07",2017,7,18.15747723716,9.62765151515152,3.75891445406887,10.5146810687935,84.0482936067998,-73.5336125380063,25.1186631559498,14.0431781226903,19.58092063932,19.0296735842492,19.3052971117846,-2.47125,-0.356782682772194
"2017-08",2017,8,10.4190353478972,33.3029656319291,5.62374310993083,16.4485813632524,103.460779748707,-87.0121983854542,26.2275905395417,12.5045528455285,19.3660716925351,20.0015186338936,19.6837951632143,-2.29162509238729,-0.218479865249099
"2017-09",2017,9,8.71568340096432,10.9912971175166,1.93376889497422,7.21358313781839,126.502031596452,-119.288448458634,29.3078205838876,15.9423309312639,22.6250757575758,23.3687423746169,22.9969090660963,-2.52216740576497,-0.203803853930107
"2017-10",2017,10,26.000111050073,23.7837767923134,18.3747494363774,22.7195457595879,168.681540096083,-145.961994336495,32.2737296747968,18.6566380266075,25.4651838507022,25.8470228805354,25.6561033656188,-2.68374445676274,-0.20098322495897
"2017-11",2017,11,139.523770222749,98.5182187730968,108.415020406262,115.485669800703,137.1218154102,-21.636145609497,31.3479545454545,18.35095436068,24.8494544530672,24.7059354212877,24.7776949371775,-2.21470990391722,0.0822273723253852
"2017-12",2017,12,219.672302480628,197.202753141168,215.550379306973,210.80847830959,109.722221914265,101.086256395325,28.7523494087214,19.4488673318551,24.1006083702883,23.6940898867861,23.8973491285372,-2.08355506282336,0.238300044572464
"2018-01",2018,1,89.2996715708895,223.299094604582,80.5816113618142,131.060125845762,129.084635070214,1.97549077554771,29.8576505912786,18.4442987804878,24.1509746858832,23.7167577205779,23.9338662032306,-2.26022450110865,-0.0263842014896452
"2018-02",2018,2,183.265968065365,216.671119733925,237.317816726287,212.418301508525,99.1403178122691,113.277983696256,28.7295380635625,19.6670011086475,24.198269586105,24.0314831120571,24.114876349081,-2.2349593495935,-0.413512071348214
"2018-03",2018,3,168.446785190834,179.188867331855,87.3905570396194,145.00873652077,111.57361511456,33.4351214062094,27.7949057649667,19.3802836289727,23.5875946969697,23.9678951154982,23.7777449062339,-2.20422671840355,-0.473224559461294
"2018-04",2018,4,80.0301282145275,70.8152623798966,95.2050502884134,82.0168136276125,91.3407594235034,-9.32394579589096,27.2964615668884,18.0464375461937,22.671449556541,22.1403544503377,22.4059020034394,-1.67095898004435,-0.317265023147224
"2018-05",2018,5,48.6571449390401,22.9780303030303,24.7094878875167,32.1148877098624,88.7592655210643,-56.644377811202,26.9159211012565,16.1503316703622,21.5331263858093,21.2362459223425,21.3846861540759,-1.33130912786401,-0.368143804524114
"2018-06",2018,6,15.0903907887307,11.3166481892092,2.71618716348662,9.70774204714216,77.4239911308204,-67.7162490836783,24.6652263488544,13.7082677383592,19.1867470436068,19.0424118572889,19.1145794504478,-1.52348762010348,-0.387455612173422
"2018-07",2018,7,38.5845125663347,43.8230044345898,20.1110799117479,34.1728656375575,77.9724251662971,-43.7995595287396,23.5602254249815,13.8210467479675,18.6906360864745,18.0968767118558,18.3937563991651,-0.829167590539543,-0.215093138100451
"2018-08",2018,8,11.4801410205386,10.2277716186253,1.93825120054956,7.8820546132378,116.863432187731,-108.981377574493,27.6486881005174,13.4034257206209,20.5260569105691,21.7390143789107,21.1325356447399,-1.27966555801922,-0.379330182549046
"2018-09",2018,9,10.9889500513238,12.8743625277162,5.18979760023435,9.68437005975812,134.285789911308,-124.60141985155,30.6837342941611,16.4365262379897,23.5601302660754,24.2815805817941,23.9208554239348,-1.64615668883962,-0.409250500099487
"2018-10",2018,10,34.1574764000153,61.2464523281597,17.8405499199065,37.7481595493605,159.042597930525,-121.294438381164,31.4727161862528,17.301879157428,24.3872976718404,23.4431759156796,23.91523679376,-0.963625277161861,-0.193088787722416
"2018-11",2018,11,99.8766675307925,95.6651053215078,103.03740789256,99.5263935816199,142.001704545455,-42.4753109638347,30.8157390983001,18.5031605691057,24.6594498337029,24.5804088000876,24.6199293168953,-0.74553492239468,-0.23538428692088
"2018-12",2018,12,314.022551128243,292.624769031781,259.021050849072,288.556123669699,115.095022172949,173.46110149675,29.1912379896526,19.1803224316334,24.185780210643,23.9438398940094,24.0648100523262,1.32427475979305,0.292750339304644
"2019-01",2019,1,313.581883651325,368.600027716186,310.517985641779,330.899965669763,98.5649981522543,232.334967517509,28.8518357354028,19.3246101256467,24.0882229305248,23.4003373040212,23.744280117273,2.70233555062823,0.853651761614456
"2019-02",2019,2,180.106369122179,177.041417220991,153.811373643142,170.319719995437,105.597417775314,64.7223022201232,29.2218477457502,19.7470232815965,24.4844355136733,23.6967863013013,24.0906109074873,2.20973115299335,1.19199068749708
"2019-03",2019,3,302.995803867659,631.759756097561,423.895789073125,452.883783012782,99.4901237989653,353.393659213816,28.5696433850703,19.051294345898,23.8104688654841,22.9988747910903,23.4046718282872,5.30926367331856,1.63845166453609
"2019-04",2019,4,50.0098475083021,31.072071322986,18.51111039946,33.1976764102494,102.950099778271,-69.7524233680213,28.5288072801183,18.3606374722838,23.444722376201,22.867792057875,23.156257217038,4.18837952697709,1.57201562135939
"2019-05",2019,5,23.7883589050619,9.57513858093126,7.10050645910547,13.4880013150329,93.3692525868442,-79.8812512718113,26.3672330007391,15.0841426459719,20.7256878233555,20.5147875351065,20.620237679231,3.32865761271249,1.51904413908247
"2019-06",2019,6,15.7263682478577,35.2502771618625,12.5127680985577,21.1631378360926,71.4497182187732,-50.2865803826805,24.44257390983,13.0496424611974,18.7461081855137,18.5137325994663,18.62992039249,3.08809220251293,1.60506096592656
"2019-07",2019,7,17.9433462249855,6.34314486326682,2.52547548916318,8.93732219247184,90.5665151515152,-81.6291929590433,24.7629369918699,13.0607880635625,18.9118625277162,18.3766837822997,18.6442731550079,2.14936252771619,1.46912743900188
"2019-08",2019,8,10.8944973535707,13.409866962306,3.46257027715318,9.2556448643433,115.049014227642,-105.793369363299,27.2313368440503,14.5795232815965,20.9054300628234,21.1516245849746,21.028527323899,0.445630081300813,1.53483503710025
"2019-09",2019,9,9.07037615396354,31.4237065779749,6.44041089528945,15.644831209076,131.367177568367,-115.722346359291,29.0150997782705,15.2772588691796,22.1461793237251,22.4388487493984,22.2925140365617,-0.0543754619364375,1.56990822850081
"2019-10",2019,10,29.3841248967257,17.1817719881744,16.8918650975285,21.1525873274762,160.436707317073,-139.284119989597,33.137322616408,19.8883545824095,26.5128385994087,25.9925304697636,26.2526845345862,-1.0169512195122,1.44521596838558
"2019-11",2019,11,86.2967233556494,160.315936807095,125.898184584992,124.170281582579,141.766498521803,-17.5962169392247,33.0374824464154,20.9231587213599,26.9803205838877,26.4774331623173,26.7288768731025,0.366689763488544,1.57369560279228
"2019-12",2019,12,170.357011877274,222.191768292683,217.945323284809,203.498034484922,127.060650406504,76.4373840784176,30.5032483370288,20.2353196600148,25.3692839985218,24.3977444701718,24.8835142343468,0.59143847006652,1.23855147088962
"2020-01",2020,1,308.591433452859,495.701533628973,507.867050983187,437.38667268834,94.3920094235034,342.994663264836,28.8618015521065,19.2591038433111,24.0604526977088,23.1844762751526,23.6224644864307,3.48737804878049,1.06874861296207
"2020-02",2020,2,182.997000864741,172.413451589061,173.296883911706,176.235778788503,104.33713045085,71.8986483376529,29.5219382852919,20.0626117886179,24.7922750369549,23.7462275065391,24.269251271747,2.88210541389505,0.832553607525018
"2020-03",2020,3,53.9943433202854,29.8495750184775,21.7826828969042,35.2088670785557,122.18251940133,-86.9736523227746,28.806006097561,19.3437860310421,24.0748960643016,23.4816953104477,23.7782956873747,1.35246581670362,-0.300314896567552
"2020-04",2020,4,36.7694668112882,12.3258684405026,9.32649810005426,19.473944450615,113.872489837398,-94.3985453867833,29.1780192165558,18.9293218773097,24.0536705469327,23.5069258520994,23.7802981995161,-1.64293745380636,-0.504517647206153
"2020-05",2020,5,19.7918072001423,5.69934405025869,3.66178554579887,9.71764559873327,101.518066334073,-91.8004207353392,26.50073263119,15.2736252771619,20.8871789541759,20.5954342953488,20.7413066247623,-3.43726468957872,-0.535161524892799
"2020-06",2020,6,21.3638287387446,22.3646341463415,9.39547680709076,17.7079798973923,77.3471480044347,-59.6391681070424,24.9557021433851,13.5529305247598,19.2543163340724,18.8436448562557,19.0489805951641,-3.6830110864745,-0.535322055141762
"2020-07",2020,7,20.6350437269745,26.5230875831486,11.3605036413844,19.5062116505025,84.30153917221,-64.7953275217075,24.2535957132299,12.4915668883962,18.372581300813,17.7753495291835,18.0739654149983,-3.78865336289727,-0.440928052736338
"2020-08",2020,8,8.53692314403716,28.4556818181818,4.31977198953264,13.7707923172505,108.499623059867,-94.7288307426165,26.8860264227642,14.1742950849963,20.5301607538803,20.6117759174139,20.5709683356471,-3.94408850702144,-0.512752476389761
"2020-09",2020,9,7.06707274999293,10.0170177383592,2.60770446996927,6.5639316527738,132.975439763489,-126.411508110715,29.6662102734664,15.8868394308943,22.7765248521804,22.934934196095,22.8557295241377,-4.27244466001478,-0.522278207359175
"2020-10",2020,10,31.6760364553066,12.9018939393939,12.1719342636799,18.9166215527935,159.168975424982,-140.252353872188,32.4589079822617,19.0740659645233,25.7664869733925,25.1794192230428,25.4729530982176,-4.53644909460458,-0.56454278922901
"2020-11",2020,11,31.5335411899023,18.1707963784183,17.4666091786384,22.3903155823197,170.604236881005,-148.213921298686,34.0010153362897,21.8112851071692,27.9061502217295,27.5216106433419,27.7138804325357,-5.60389726533629,-1.04850055103895
"2020-12",2020,12,206.732300156898,184.922034368071,194.130425922909,195.261586815959,133.620703067258,61.6408837487015,30.8680626385809,20.6135153362897,25.7407889874353,25.1232778730037,25.4320334302195,-5.59810818551367,-0.931178072615275
"2021-01",2021,1,303.456142937904,301.005774205469,306.356518634334,303.606145259236,118.336557649667,185.269587609569,29.6841518847007,20.0809830007391,24.8825674427199,23.8664902678327,24.3745288552763,-4.85838932002956,-1.31546120306171
"2021-02",2021,2,220.958042321065,218.71427383592,215.355082787808,218.342466314931,107.267611788618,111.074854526313,29.8965428677014,20.4376450480414,25.1670939578714,24.1935495424253,24.6803217501484,-4.346235218034,-1.65816231000991
"2021-03",2021,3,283.100256998511,279.863848854398,214.777063855069,259.247056569326,109.24401330377,150.003043265556,27.9134682187731,18.4514005912786,23.1824344050258,22.7681890556495,22.9753117303377,-3.14486917960089,-1.01197045804962
"2021-04",2021,4,35.0752311861402,30.0568089430895,22.6564334352494,29.262824521493,97.8336160384332,-68.5707915169402,27.1014135254989,16.8526339615669,21.9770237435329,21.5427260688972,21.7598749062151,-3.21842655210643,-1.00592531334786
"2021-05",2021,5,45.2633543332918,23.111945676275,14.9791636873584,27.7848212323084,91.3449833702881,-63.5601621379797,25.4088359201774,14.1828002586844,19.7958180894309,19.3781902905409,19.5870041899859,-2.79587370657797,-0.969083099611222
"2021-06",2021,6,18.8210419795933,57.5547671840355,23.577360957673,33.3177233737673,70.9697154471546,-37.6519920733873,24.4181642645972,13.0160855506283,18.7171249076127,18.3232831643568,18.5202040359848,-1.25289403178123,-0.850308565629853
"2021-07",2021,7,25.0511081739291,26.8242424242424,11.033570260914,20.9696402863618,82.9073133776793,-61.9376730913175,24.394438285292,12.6322653362897,18.5133518107908,17.9658562383965,18.2396040245937,-0.403672579453067,-0.892583546026674
"2021-08",2021,8,11.9006756538413,28.010273466371,4.50111926269504,14.8040227943024,102.472900036955,-87.6688772426525,26.3533776792314,13.6418200295639,19.9975988543976,20.1542482715839,20.0759235629908,0.12585901699926,-0.882274022178045
"2021-09",2021,9,9.98402490445576,23.6934405025868,5.57108604130489,13.0828504827825,126.094768107908,-113.011917625126,29.3799464153733,15.6005885070214,22.4902674611973,22.6093173667937,22.5497924139955,0.966327974870658,-0.863000532306691
"2021-10",2021,10,33.9521869154693,10.0451311899483,9.82262118363453,17.9399797630174,162.875367701404,-144.935387938387,32.0587389135255,18.6749879896526,25.3668634515891,24.8775321331969,25.122197792393,0.818033628972653,-0.930687269126928
"2021-11",2021,11,98.5205694085159,41.8459719142646,39.8336401568044,60.0667271598616,158.619848484848,-98.5531213249868,33.3816906873614,21.1923290835181,27.2870098854398,26.9950669391813,27.1410384123105,0.240811991869919,-0.681935160957947
"2021-12",2021,12,75.9948936931846,46.3805339985218,47.8175301490311,56.7309859469125,155.877325388027,-99.1463394411141,33.0837185883223,22.8289292313378,27.95632390983,27.4807497300013,27.7185368199156,-2.45218662232077,-1.36927934140755
"2022-01",2022,1,402.979735744725,452.591675905396,447.646771332615,434.406060994245,104.978310236512,329.427750757734,28.5710042498153,19.0310402808574,23.8010222653363,23.1044937248873,23.4527579951118,-3.24726496674058,-1.04086000318565
"2022-02",2022,2,239.077559521328,233.85118255728,209.752387193378,227.560376423995,100.610267923134,126.950108500862,29.063868255728,19.5804563932003,24.3221623244642,23.2660843561511,23.7941233403077,-2.58544447524021,-0.340884881990927
"2022-03",2022,3,230.331747002254,266.39163895048,180.737265154121,225.820217035619,106.996288802661,118.823928232958,28.1007492609017,18.7693163340724,23.4350327974871,22.7809047506239,23.1079687740555,-1.87739181448633,-0.29193705118079
"2022-04",2022,4,199.58864222395,58.1112158167036,49.6897370174389,102.463198352697,92.5101570583887,9.95304129430868,28.1701893939394,18.0335421286031,23.1018657612713,22.4144740450024,22.7581699031368,-1.62508130081301,0.0615991167502389
"2022-05",2022,5,17.8215939165168,7.93898743532891,4.50555287990077,10.0887114105821,94.9497274575018,-84.8610160469197,26.4627134146342,15.1485624538064,20.8056379342203,20.3546709720528,20.5801544531365,-1.70256014412417,0.0352548632632803
"2022-06",2022,6,27.8024495468875,53.1468403547672,22.273590571524,34.4076268243929,65.6837675535846,-31.2761407291918,23.918217849224,12.4864107538803,18.2023143015521,17.7561636261273,17.9792389638397,-0.196018015521064,-0.0667902351647773
"2022-07",2022,7,18.7950859127473,12.0030949741316,5.4041806085527,12.0674538318105,78.7799547302292,-66.7125008984187,24.8099963045085,13.1715613451589,18.9907788248337,18.181354801584,18.5860668132089,-0.377690040650407,-0.0492624814705874
"2022-08",2022,8,11.4154983893018,43.0189486326681,7.8943433376846,20.7762634532182,102.556968773097,-81.7807053198786,26.7190345528455,13.8109857723577,20.2650101626016,20.2895152043259,20.2772626834637,-0.022885347376201,0.0116719587178773
"2022-09",2022,9,9.29008209224276,4.78163340724316,1.71709156661945,5.26293568870179,122.356140983001,-117.093205294299,28.8300406504065,14.9442378048781,21.8871392276423,22.1273639294255,22.0072515785339,-0.485166666666667,0.0629233855793558
"2022-10",2022,10,20.3755759759486,4.63718588322247,4.27066936737798,9.76114374218302,172.684126940133,-162.92298319795,33.2005413895048,19.7111631559498,26.4558522727273,25.9298426139592,26.1928474433432,-1.69848919068736,0.176069511804069
"2022-11",2022,11,94.2829529792669,32.3682926829268,33.6345555035512,53.4286003885816,148.320266999261,-94.8916666106795,32.1680903547672,19.8435559866962,26.0058231707317,26.0663456127244,26.0360843917281,-2.5967751293422,0.122733853645278
"2022-12",2022,12,299.464395323464,259.444946415373,267.972807056867,275.627382931901,107.502028824834,168.125354107067,29.0960966371028,18.8739809682188,23.9850388026608,23.490225309734,23.7376320561974,-1.72414292313378,0.881690616172458
"2023-01",2023,1,288.965326043577,306.085790835181,301.705475462906,298.918864113888,107.695729859571,191.223134254317,28.5013507021434,18.9613867331855,23.7313687176645,23.0043443114644,23.3678565145645,-0.270050535846268,0.58303343717541
"2023-02",2023,2,221.80909939155,354.80214338507,324.938628177213,300.516623651278,100.726944752402,199.789678898876,28.95904563932,19.4756337767923,24.2173397080562,23.5161793404386,23.8667595242474,2.24723688100517,0.314882942214214
"2023-03",2023,3,300.154613116881,689.586881005174,477.020241347708,488.920578489921,89.9659996304508,398.95457885947,27.7684201773836,18.4369872505543,23.102703713969,22.5199156476253,22.8113096807971,5.46134589800443,0.580218113209836
"2023-04",2023,4,63.1666833217502,50.0011640798226,45.1930093525099,52.7869522513609,93.0333841463414,-40.2464318949806,27.5744881744272,17.4378409090909,22.5061645417591,21.6082873686803,22.0572259552197,4.81312592387288,0.35131075266729
"2023-05",2023,5,15.540880099168,1.84099223946785,1.09294041300799,6.15827091721463,98.0736936437547,-91.91542272654,27.2668394308943,15.9526884700665,21.6097639504804,21.0862417758947,21.3480028631876,3.85734441980784,0.349285612858477
"2023-06",2023,6,16.9160712258506,5.52425166297118,2.38381987100155,8.27471425327445,83.8383665927569,-75.5636523394824,26.5862980413895,15.1544909460458,20.8703944937177,20.5199882890186,20.6951913913681,2.66722172949002,0.157381266774363
"2023-07",2023,7,16.2506117614099,11.784830007391,5.63610947872824,11.223850415843,86.3170694752403,-75.0932190593972,25.2357344789357,13.5972995195861,19.4165169992609,18.7407062297844,19.0786116145227,1.6137174796748,0.0770412716896288
"2023-08",2023,8,15.0647604594415,51.8364745011087,9.74094036658811,25.5473917757128,101.501912416852,-75.9545206411388,26.4936067997044,13.5855580192166,20.0395824094605,20.1831035602691,20.1113429848648,1.51628824833703,0.0141618042179044
"2023-09",2023,9,5.90404154683822,6.44804138950481,2.12598369581606,4.8260222107197,126.705509977827,-121.879487767107,30.8498983739838,16.9640955284553,23.9069969512195,24.062744744793,23.9848708480063,0.336128141167775,-0.113850033447817
"2023-10",2023,10,34.3003553902454,32.4510347376201,29.9204143505481,32.2239348261379,165.635535846267,-133.41160102013,33.621538248337,20.132160014782,26.8768491315595,26.3471529362445,26.612001033902,-0.342333518107908,0.0461770306370916
"2023-11",2023,11,43.2912881407918,55.3734940872136,58.3305209609863,52.3317677296639,146.547253325942,-94.2154855962785,32.2828677014043,19.9583333333333,26.1206005173688,25.6422156032355,25.8814080603021,-1.51439597191427,-0.130018934664482
"2023-12",2023,12,136.337533398854,162.356217664449,166.047993819596,154.913914960966,144.532048226164,10.3818667348023,32.2028991130821,21.9807834441981,27.0918412786401,26.5772677728467,26.8345545257434,-2.9756205654102,-0.435137452902617
"2024-01",2024,1,234.789159868142,230.5036954915,236.467852709994,233.920236023212,119.566553954176,114.353682069036,29.7876515151515,20.2476875461936,25.0176695306726,23.7262519875438,24.3719607591082,-3.12161585365854,-0.0895203770281225
"2024-02",2024,2,154.20266298224,167.054055801922,158.0664837633,159.774400849154,120.263189209165,39.5112116399891,30.4082668144863,20.9248549519586,25.6665608832225,24.7812149836535,25.223887933438,-3.63508157797487,-0.49751348455471
"2024-03",2024,3,142.073026705325,104.514892830746,72.7283802667238,106.438766600932,116.861537324464,-10.4227707235326,29.310317812269,19.9788848854398,24.6446013488544,24.2336567764206,24.4391290626375,-3.98398835920177,-1.21035903597635
"2024-04",2024,4,61.4678016953757,27.0997690317812,22.3190873810696,36.9622193694088,102.260156134516,-65.2979367651071,28.5944142645972,18.4577669992609,23.5260906319291,22.9649451340747,23.2455178830019,-4.40788996674058,-1.25809957418177
"2024-05",2024,5,20.2524712704676,19.8590077605322,9.46640640688694,16.5259618126289,96.0022838137473,-79.4763220011184,27.059126940133,15.7449759793053,21.4020514597192,21.0098928523786,21.2059721560489,-4.54436529933481,-1.15057715332067
"2024-06",2024,6,26.9415994101582,24.5208148558758,10.5775396151605,20.6799846270648,76.1419844789358,-55.461999851871,25.3639320029564,13.9321249076127,19.6480284552846,19.2664913602158,19.4572599077502,-4.4571938285292,-0.95115787208711
"2024-07",2024,7,18.6279432773616,0.908287139689579,0.359860890687681,6.63203043591295,95.3678824833704,-88.7358520474575,26.7485439763488,15.1101090169993,20.929326496674,20.2967724501387,20.6130494734064,-5.02553972653364,-0.968221157789231
"2024-08",2024,8,16.9889980017857,42.9656411677753,9.86712726138844,23.2739221436498,112.177541574279,-88.9036194306296,27.346286954915,14.4382381744272,20.8922625646711,21.1635709815525,21.0279167731118,-4.77730746489283,-0.971974990039906
"2024-09",2024,9,12.5619088927206,26.6839800443459,7.63084375905528,15.6255775653739,131.995252217295,-116.369674651921,29.9309709903917,16.0451681448633,22.9880695676275,23.3802250524738,23.1841473100506,-4.68045944198079,-0.859587719831517
"2024-10",2024,10,45.7138877164409,39.7410569105691,33.6153724642204,39.6901056970768,148.496148373984,-108.806042676907,31.1075942350332,17.6182160014782,24.3629051182557,24.0827472402939,24.2228261792748,-4.2571642645972,-0.984536277711707
"2024-11",2024,11,114.082436730927,74.7363359201774,78.2980657808284,89.0389461439777,142.228659460458,-53.1897133164806,32.0228104212861,19.6982760532151,25.8605432372506,25.9832703847776,25.9219068110141,-4.11522320768663,-0.829353492411356
"2024-12",2024,12,97.0669138987817,113.093856245381,121.82891740748,110.663229183881,150.245133961567,-39.5819047776862,31.4681236141907,21.2460079453067,26.3570657797487,25.9469943948685,26.1520300873086,-5.05674288617886,-1.13302087208266
